{"type":"FeatureCollection","features":[{"type":"Feature","properties":{"dbm":-130,"color":"rgb(12, 7, 134)","label":"≥ -130 dBm","fill":"#0c0786","fill-opacity":0.35,"stroke":"#0c0786","stroke-width":1,"stroke-opacity":0.8},"geometry":{"type":"MultiPolygon","coordinates":[[[[90.42384988334791,23.764583333333334],[90.42458333333333,23.76484547633938],[90.42541666666666,23.76510182738882],[90.42625,23.765355215827338],[90.42641847468771,23.765416666666667],[90.42708333333334,23.765566614768684],[90.42791666666668,23.765786780741486],[90.42875000000001,23.766087728713075],[90.42912582859849,23.766250000000003],[90.42958333333334,23.766393466963624],[90.43041666666667,23.766662128284924],[90.43125,23.767017608719467],[90.43137077294686,23.767083333333336],[90.43208333333334,23.76738966770509],[90.43291666666667,23.76784407864655],[90.43303631995478,23.767916666666668],[90.43375,23.76826161202186],[90.43458333333334,23.768594122749946],[90.43500365497076,23.76875],[90.43541666666667,23.768864279935276],[90.43625,23.769048287854467],[90.43708333333333,23.769372000436302],[90.43745859965136,23.769583333333333],[90.43791666666667,23.769816706137757],[90.43875,23.770393883968683],[90.438782260996,23.77041666666667],[90.43958333333333,23.77086431037985],[90.44017595193509,23.771250000000002],[90.44041666666666,23.77139179996323],[90.44125,23.771953455358222],[90.44142420191217,23.772083333333335],[90.44208333333334,23.772497328244278],[90.44268567251463,23.772916666666667],[90.44291666666668,23.7730618338846],[90.44375000000001,23.773632935071205],[90.44390803193222,23.77375],[90.44458333333334,23.77417343446726],[90.44515224018149,23.774583333333336],[90.44541666666667,23.774763057723813],[90.44620523776305,23.77541666666667],[90.44625,23.775453897108598],[90.44708333333334,23.776225694444445],[90.44710787407097,23.77625],[90.44791666666667,23.777069130805284],[90.44793054399112,23.777083333333334],[90.4487210768318,23.777916666666666],[90.44875,23.77794836367577],[90.44951294348185,23.778750000000002],[90.44958333333334,23.77882206208426],[90.45037834932187,23.779583333333335],[90.45041666666667,23.779616947185144],[90.45125,23.780279947916668],[90.45141834631242,23.780416666666667],[90.45208333333333,23.780908757062146],[90.45248248744383,23.78125],[90.45291666666667,23.781690112540193],[90.45325321064098,23.782083333333333],[90.45375,23.78272661469933],[90.45390543412265,23.78291666666667],[90.45452992879395,23.78375],[90.45458333333333,23.78383045052293],[90.45508701112307,23.784583333333334],[90.45541666666668,23.785238413547237],[90.45552656885373,23.785416666666666],[90.45593784910201,23.786250000000003],[90.45625000000001,23.786930243445696],[90.45634150436535,23.787083333333335],[90.45683409586057,23.787916666666668],[90.45708333333334,23.788284606972855],[90.45746360243878,23.78875],[90.45791666666668,23.789306200800105],[90.45816072849188,23.789583333333333],[90.45875000000001,23.790357329452156],[90.45879708599858,23.79041666666667],[90.45932536734358,23.79125],[90.45958333333334,23.79184118426031],[90.45971534653467,23.792083333333334],[90.46005517227468,23.792916666666667],[90.4603061277034,23.79375],[90.46041666666667,23.79414201363526],[90.46059499212909,23.794583333333335],[90.46083977505113,23.795416666666668],[90.46101358185234,23.79625],[90.46116833030854,23.797083333333333],[90.46125,23.797408373461746],[90.46145663404025,23.797916666666666],[90.46176493162154,23.798750000000002],[90.46197220852848,23.799583333333334],[90.4620624661875,23.800416666666667],[90.46208333333334,23.800656028368795],[90.4625,23.80125],[90.4625,23.802083333333336],[90.4625,23.80291666666667],[90.4625,23.80375],[90.4625,23.804583333333333],[90.4625,23.805416666666666],[90.4625,23.806250000000002],[90.4625,23.807083333333335],[90.4625,23.807916666666667],[90.4625,23.80875],[90.4625,23.809583333333332],[90.4625,23.81041666666667],[90.4625,23.81125],[90.4625,23.812083333333334],[90.4625,23.812916666666666],[90.4625,23.81375],[90.4625,23.814583333333335],[90.4625,23.815416666666668],[90.4625,23.81625],[90.4625,23.817083333333333],[90.4625,23.817916666666665],[90.46208333333334,23.818479752342704],[90.46201431623932,23.81875],[90.46186579651942,23.819583333333334],[90.46168057996486,23.820416666666667],[90.46141996155959,23.82125],[90.46125,23.821708111308467],[90.46116466370431,23.822083333333335],[90.46099261697539,23.822916666666668],[90.46077844572226,23.82375],[90.46048447422237,23.824583333333333],[90.46041666666667,23.824754622077215],[90.46023971731707,23.825416666666666],[90.46000798856375,23.82625],[90.45972371656933,23.827083333333334],[90.45958333333334,23.82742110453649],[90.4594368532284,23.827916666666667],[90.45916174152877,23.82875],[90.45875757575759,23.829583333333332],[90.45875000000001,23.829595567476],[90.45831107254251,23.830416666666668],[90.45791666666668,23.830945467422097],[90.45769508244994,23.83125],[90.45708333333334,23.831953045685278],[90.45698963657014,23.832083333333333],[90.45648621437424,23.832916666666666],[90.45625000000001,23.83326325757576],[90.45598566197647,23.83375],[90.45545776495278,23.834583333333335],[90.45541666666668,23.83463896780303],[90.45492840864051,23.835416666666667],[90.45458333333333,23.835890476190475],[90.45436378364906,23.83625],[90.45378973860826,23.837083333333332],[90.45375,23.83713503370098],[90.453180588104,23.83791666666667],[90.45291666666667,23.838212921207568],[90.45241800418702,23.83875],[90.45208333333333,23.83907669164396],[90.45150453955902,23.839583333333334],[90.45125,23.839820350241546],[90.45067007282124,23.840416666666666],[90.45041666666667,23.84068302469136],[90.44992364465915,23.84125],[90.44958333333334,23.84161715311559],[90.44915331196582,23.842083333333335],[90.44875,23.84247878692646],[90.44828755946455,23.842916666666667],[90.44791666666667,23.843275991425507],[90.44742014707533,23.84375],[90.44708333333334,23.84408244680851],[90.44654058597503,23.844583333333333],[90.44625,23.844851596275358],[90.44543309294872,23.845416666666665],[90.44541666666667,23.845428554859662],[90.44458333333334,23.845897841609865],[90.44375000000001,23.846215962675167],[90.44367920292858,23.84625],[90.44291666666668,23.846744623655916],[90.44242942768756,23.847083333333334],[90.44208333333334,23.847372229395308],[90.44136284351417,23.847916666666666],[90.44125,23.848007134703195],[90.44041666666666,23.84857359230221],[90.44011954781914,23.84875],[90.43958333333333,23.849130789997158],[90.43877454714746,23.84958333333333],[90.43875,23.84960022719329],[90.43791666666667,23.850066302652106],[90.43708333333333,23.85041610423697],[90.43708181172651,23.850416666666668],[90.43625,23.85081097326409],[90.43541666666667,23.851135791950664],[90.43495624795551,23.85125],[90.43458333333334,23.85137094207511],[90.43375,23.85161565084502],[90.43291666666667,23.851819661458332],[90.43220614035089,23.852083333333333],[90.43208333333334,23.852146890250822],[90.43125,23.852593428976267],[90.43056027966743,23.852916666666665],[90.43041666666667,23.852999835850294],[90.42958333333334,23.853378793579132],[90.42875000000001,23.853636587771202],[90.4283267613039,23.853749999999998],[90.42791666666668,23.853906673696898],[90.42708333333334,23.854171135512427],[90.42625,23.85439402587519],[90.42552772938444,23.854583333333334],[90.42541666666666,23.85463007086999],[90.42458333333333,23.854908450321037],[90.42375,23.855131077461888],[90.42291666666667,23.855349905749293],[90.42276617091596,23.855416666666667],[90.42208333333333,23.855833333333333],[90.42125,23.855833333333333],[90.42041666666667,23.855833333333333],[90.41958333333334,23.855833333333333],[90.41875,23.855833333333333],[90.41791666666667,23.855833333333333],[90.41708333333334,23.855833333333333],[90.41625,23.855833333333333],[90.41541666666667,23.855833333333333],[90.41479833333334,23.855416666666667],[90.41458333333334,23.855389151949492],[90.41375000000001,23.855377335299902],[90.41291666666666,23.855374604364485],[90.41208333333333,23.855341958529362],[90.41125,23.855339062357345],[90.41065476190477,23.855416666666667],[90.41041666666666,23.855833333333333],[90.40958333333333,23.855833333333333],[90.40875,23.855833333333333],[90.40791666666667,23.855833333333333],[90.40708333333333,23.855833333333333],[90.40625,23.855833333333333],[90.40541666666667,23.855833333333333],[90.40458333333333,23.855833333333333],[90.40375,23.855833333333333],[90.40291666666667,23.855833333333333],[90.40243564449455,23.855416666666667],[90.40208333333334,23.855333355549632],[90.40125,23.85511819352465],[90.40041666666667,23.85484343832021],[90.39986939474265,23.854583333333334],[90.39958333333334,23.8544921875],[90.39875,23.854210341749553],[90.39791666666666,23.85385582010582],[90.39768694327239,23.853749999999998],[90.39708333333333,23.853544016478683],[90.39625,23.853264524932925],[90.39544606585417,23.852916666666665],[90.39541666666666,23.852906476952718],[90.39458333333333,23.852574396900863],[90.39375,23.85216688874084],[90.39358722690893,23.852083333333333],[90.39291666666666,23.851834696823868],[90.39208333333333,23.851597698783053],[90.39125,23.851324516868655],[90.39101642710472,23.85125],[90.39041666666667,23.85111354434322],[90.38958333333333,23.85082899067471],[90.38875,23.850433409705087],[90.38872251157407,23.850416666666668],[90.38791666666667,23.850017211703957],[90.38726835976568,23.84958333333333],[90.38708333333334,23.84946045640004],[90.38625,23.848812208398133],[90.38617210321324,23.84875],[90.38541666666667,23.84819662387066],[90.38505756328149,23.847916666666666],[90.38458333333332,23.847533425754776],[90.38408476658476,23.847083333333334],[90.38374999999999,23.84676312181747],[90.38315911141181,23.84625],[90.38291666666666,23.846079473350255],[90.38208333333333,23.845593057037828],[90.38175862257148,23.845416666666665],[90.38125,23.84519154589372],[90.38041666666666,23.844773056424515],[90.38009876722967,23.844583333333333],[90.37958333333333,23.84431692755368],[90.37885420699445,23.84375],[90.37875,23.84366648567587],[90.37796613147367,23.842916666666667],[90.37791666666666,23.842866220090418],[90.37716247078818,23.842083333333335],[90.37708333333333,23.84200343200343],[90.37629727537205,23.84125],[90.37625,23.84120822209038],[90.37541666666667,23.840562892500923],[90.37523152478953,23.840416666666666],[90.37458333333333,23.839955950797872],[90.37412973829758,23.839583333333334],[90.37375,23.83920724782899],[90.37336691291695,23.83875],[90.37291666666667,23.83807924795731],[90.3727955787382,23.83791666666667],[90.37224328118732,23.837083333333332],[90.37208333333334,23.836844703770197],[90.3716453168044,23.83625],[90.37125,23.835750278590332],[90.37097076483619,23.835416666666667],[90.37041666666667,23.83472699898418],[90.3703040002276,23.834583333333335],[90.36977462255948,23.83375],[90.36958333333332,23.833390041648073],[90.36928092930444,23.832916666666666],[90.36885637100404,23.832083333333333],[90.36874999999999,23.831882012498223],[90.36830655206776,23.83125],[90.36791666666666,23.830453805453807],[90.36789371935119,23.830416666666668],[90.36743760187449,23.829583333333332],[90.36708333333333,23.828876093146228],[90.36700721301412,23.82875],[90.36649021192528,23.827916666666667],[90.36625,23.82745585701981],[90.36603686181746,23.827083333333334],[90.3656888133957,23.82625],[90.36546473756732,23.825416666666666],[90.36541666666666,23.82521664060464],[90.36519166666666,23.824583333333333],[90.36499044433826,23.82375],[90.36481188764361,23.822916666666668],[90.36464780880357,23.822083333333335],[90.36458333333333,23.821805787423482],[90.36437269324053,23.82125],[90.36416630549937,23.820416666666667],[90.36404828486204,23.819583333333334],[90.36392107236595,23.81875],[90.36375,23.818292950162785],[90.36333333333333,23.817916666666665],[90.36333333333333,23.817083333333333],[90.36333333333333,23.81625],[90.36333333333333,23.815416666666668],[90.36333333333333,23.814583333333335],[90.36333333333333,23.81375],[90.36333333333333,23.812916666666666],[90.36333333333333,23.812083333333334],[90.36333333333333,23.81125],[90.36333333333333,23.81041666666667],[90.36333333333333,23.809583333333332],[90.36333333333333,23.80875],[90.36333333333333,23.807916666666667],[90.36333333333333,23.807083333333335],[90.36333333333333,23.806250000000002],[90.36333333333333,23.805416666666666],[90.36333333333333,23.804583333333333],[90.36333333333333,23.80375],[90.36333333333333,23.80291666666667],[90.36333333333333,23.802083333333336],[90.36333333333333,23.80125],[90.36375,23.801011623325454],[90.36381323283082,23.800416666666667],[90.36389611096594,23.799583333333334],[90.36408538036751,23.798750000000002],[90.36436696380335,23.797916666666666],[90.36458333333333,23.797380522088353],[90.36465862840862,23.797083333333333],[90.36482872640808,23.79625],[90.36503486659737,23.795416666666668],[90.36532437218287,23.794583333333335],[90.36541666666666,23.794377098321345],[90.36562455282613,23.79375],[90.36593173963134,23.792916666666667],[90.36625,23.792257358790774],[90.36632257194991,23.792083333333334],[90.36674092539833,23.79125],[90.36708333333333,23.790755862646566],[90.36731889805414,23.79041666666667],[90.36791666666666,23.789734244838826],[90.36804864850596,23.789583333333333],[90.36874462582291,23.78875],[90.36874999999999,23.788742733878294],[90.3691983387558,23.787916666666668],[90.36958333333332,23.787195921004063],[90.36963278210116,23.787083333333335],[90.37001524390243,23.786250000000003],[90.37041666666667,23.785502702702704],[90.37045465393794,23.785416666666666],[90.37083698727015,23.784583333333334],[90.37125,23.78388643595863],[90.3713224729547,23.78375],[90.37185073627845,23.78291666666667],[90.37208333333334,23.782616061130337],[90.37246289162815,23.782083333333333],[90.37291666666667,23.78154690346084],[90.37320628997867,23.78125],[90.37375,23.780782253133598],[90.37422585886722,23.780416666666667],[90.37458333333333,23.780115918982258],[90.37521038628302,23.779583333333335],[90.37541666666667,23.77938979289941],[90.37606026785714,23.778750000000002],[90.37625,23.77855674497916],[90.3768765454995,23.777916666666666],[90.37708333333333,23.777709186205186],[90.37773997787322,23.777083333333334],[90.37791666666666,23.77691890746124],[90.37874587087087,23.77625],[90.37875,23.776246315648446],[90.37958333333333,23.775503281219844],[90.37968272425249,23.77541666666667],[90.38041666666666,23.774754843219494],[90.38066322136089,23.774583333333336],[90.38125,23.774183773216034],[90.38208333333333,23.773777932960893],[90.38214198435972,23.77375],[90.38291666666666,23.77328695588665],[90.38345170254678,23.772916666666667],[90.38374999999999,23.772669839329374],[90.38449069989707,23.772083333333335],[90.38458333333332,23.77200330284553],[90.38541666666667,23.771443460616123],[90.38582363213038,23.771250000000002],[90.38625,23.771008171013538],[90.38708333333334,23.77059692942255],[90.38732916666666,23.77041666666667],[90.38791666666667,23.76990037226901],[90.38832335212149,23.769583333333333],[90.38875,23.76927780580783],[90.38958333333333,23.768876533742333],[90.39015426758938,23.76875],[90.39041666666667,23.76867494226328],[90.39125,23.768471735746257],[90.39208333333333,23.76827945402299],[90.39291666666666,23.767969758229192],[90.39303710394664,23.767916666666668],[90.39375,23.767537004144465],[90.39458333333333,23.767161653378434],[90.39479033631332,23.767083333333336],[90.39541666666666,23.766798621190134],[90.39625,23.766500358508605],[90.39703878012048,23.766250000000003],[90.39708333333333,23.76623008526871],[90.39791666666666,23.76586178486686],[90.39875,23.76557941994002],[90.39930764411028,23.765416666666667],[90.39958333333334,23.765292667117574],[90.40041666666667,23.76500978090767],[90.40125,23.76478015873016],[90.40187248995984,23.764583333333334],[90.40208333333334,23.764166666666668],[90.40291666666667,23.764166666666668],[90.40375,23.764166666666668],[90.40458333333333,23.764166666666668],[90.40541666666667,23.764166666666668],[90.40625,23.764166666666668],[90.40708333333333,23.764166666666668],[90.40791666666667,23.764166666666668],[90.40875,23.764166666666668],[90.40958333333333,23.764166666666668],[90.41041666666666,23.764166666666668],[90.41125,23.764166666666668],[90.41208333333333,23.764166666666668],[90.41291666666666,23.764166666666668],[90.41375000000001,23.764166666666668],[90.41458333333334,23.764166666666668],[90.41541666666667,23.764166666666668],[90.41625,23.764166666666668],[90.41708333333334,23.764166666666668],[90.41791666666667,23.764166666666668],[90.41875,23.764166666666668],[90.41958333333334,23.764166666666668],[90.42041666666667,23.764166666666668],[90.42125,23.764166666666668],[90.42208333333333,23.764166666666668],[90.42291666666667,23.764166666666668],[90.42375,23.764166666666668],[90.42384988334791,23.764583333333334]]]]}},{"type":"Feature","properties":{"dbm":-126,"color":"rgb(58, 4, 154)","label":"≥ -126 dBm","fill":"#3a049a","fill-opacity":0.35,"stroke":"#3a049a","stroke-width":1,"stroke-opacity":0.8},"geometry":{"type":"MultiPolygon","coordinates":[[[[90.4224086276577,23.764583333333334],[90.42291666666667,23.764882913687703],[90.42375,23.765323634507403],[90.42400103305785,23.765416666666667],[90.42458333333333,23.76557478680431],[90.42541666666666,23.76575746940245],[90.42625,23.765920490928497],[90.42708333333334,23.766129615213526],[90.4274495376635,23.766250000000003],[90.42791666666668,23.766388304620726],[90.42875000000001,23.76666408135126],[90.42958333333334,23.76695721974759],[90.42990361048265,23.767083333333336],[90.43041666666667,23.767262634249192],[90.43125,23.767582637252804],[90.43188064429168,23.767916666666668],[90.43208333333334,23.768021311760613],[90.43291666666667,23.76845002682609],[90.43344741659887,23.76875],[90.43375,23.76891414698742],[90.43458333333334,23.769219262138883],[90.43541666666667,23.769478661003237],[90.43579004329004,23.769583333333333],[90.43625,23.769703281402876],[90.43708333333333,23.770050946593916],[90.43770421052632,23.77041666666667],[90.43791666666667,23.7705401574482],[90.43875,23.771051184976045],[90.43906641476035,23.771250000000002],[90.43958333333333,23.77155360284709],[90.44040779810804,23.772083333333335],[90.44041666666666,23.772089045214045],[90.44125,23.77263511511766],[90.44165762867648,23.772916666666667],[90.44208333333334,23.773195817261332],[90.4429043154762,23.77375],[90.44291666666668,23.773758053873625],[90.44375000000001,23.774298959887286],[90.4441577540107,23.774583333333336],[90.44458333333334,23.774871539513924],[90.44532753790376,23.77541666666667],[90.44541666666667,23.775483403257653],[90.44625,23.776188231312254],[90.4463160616403,23.77625],[90.44708333333334,23.776988404498855],[90.44717741935484,23.777083333333334],[90.44791666666667,23.777860532047296],[90.44797018688817,23.777916666666666],[90.44873267108169,23.778750000000002],[90.44875,23.77876892295825],[90.44954711683654,23.779583333333335],[90.44958333333334,23.779618159542608],[90.45041666666667,23.78035149448636],[90.45049502791348,23.780416666666667],[90.45125,23.780981761991818],[90.45158542891357,23.78125],[90.45208333333333,23.7817014608627],[90.45246139939412,23.782083333333333],[90.45291666666667,23.782573986308584],[90.45320006968035,23.78291666666667],[90.45375,23.783619835170956],[90.45385402759236,23.78375],[90.4544390675124,23.784583333333334],[90.45458333333333,23.78482265965167],[90.45493906634798,23.785416666666666],[90.4553152772251,23.786250000000003],[90.45541666666668,23.78646118248377],[90.45574939051419,23.787083333333335],[90.45618744297046,23.787916666666668],[90.45625000000001,23.788008985912576],[90.45678562069483,23.78875],[90.45708333333334,23.78912869047619],[90.45747258235487,23.789583333333333],[90.45791666666668,23.79010938858302],[90.45817212719827,23.79041666666667],[90.45870858233732,23.79125],[90.45875000000001,23.7913261878588],[90.45916283716284,23.792083333333334],[90.45947818822255,23.792916666666667],[90.45958333333334,23.793227608618235],[90.45978475798147,23.79375],[90.46005504472384,23.794583333333335],[90.46027331261102,23.795416666666668],[90.46041666666667,23.796069646709817],[90.46046497977171,23.79625],[90.46065789473685,23.797083333333333],[90.46088917934094,23.797916666666666],[90.46112708221386,23.798750000000002],[90.46125,23.79927707373272],[90.46134828691152,23.799583333333334],[90.4614755777108,23.800416666666667],[90.46154710734201,23.80125],[90.46166962391908,23.802083333333336],[90.46195934139786,23.80291666666667],[90.46208333333334,23.803201740832304],[90.4625,23.80375],[90.4625,23.804583333333333],[90.4625,23.805416666666666],[90.4625,23.806250000000002],[90.4625,23.807083333333335],[90.4625,23.807916666666667],[90.4625,23.80875],[90.4625,23.809583333333332],[90.4625,23.81041666666667],[90.4625,23.81125],[90.4625,23.812083333333334],[90.4625,23.812916666666666],[90.4625,23.81375],[90.4625,23.814583333333335],[90.4625,23.815416666666668],[90.4625,23.81625],[90.46208333333334,23.816745205479453],[90.46192187772546,23.817083333333333],[90.46158259212199,23.817916666666665],[90.46136527777779,23.81875],[90.46125,23.819300285597716],[90.46120862408303,23.819583333333334],[90.46105491727941,23.820416666666667],[90.46086567187898,23.82125],[90.46065340335286,23.822083333333335],[90.46042773190509,23.822916666666668],[90.46041666666667,23.822951195450326],[90.46020420448232,23.82375],[90.45995610119049,23.824583333333333],[90.4596878860548,23.825416666666666],[90.45958333333334,23.825717723373092],[90.45942660197166,23.82625],[90.45917462897295,23.827083333333334],[90.4588834535782,23.827916666666667],[90.45875000000001,23.828239809422975],[90.45855866587254,23.82875],[90.45817729727675,23.829583333333332],[90.45791666666668,23.829985475352114],[90.4576292057903,23.830416666666668],[90.45708333333334,23.831113943028488],[90.45698533117351,23.83125],[90.4563736107731,23.832083333333333],[90.45625000000001,23.832269247193754],[90.45589086294417,23.832916666666666],[90.45541666666668,23.83367639882889],[90.45537328219879,23.83375],[90.45487019847559,23.834583333333335],[90.45458333333333,23.834983675618748],[90.45430359937403,23.835416666666667],[90.45375,23.83622939766257],[90.45373634015498,23.83625],[90.4531807484114,23.837083333333332],[90.45291666666667,23.837409710102772],[90.45249699012763,23.83791666666667],[90.45208333333333,23.838351802600474],[90.45165913383703,23.83875],[90.45125,23.839122360019648],[90.45075209991158,23.839583333333334],[90.45041666666667,23.8399258531961],[90.44998777120315,23.840416666666666],[90.44958333333334,23.840863983420594],[90.44924766674255,23.84125],[90.44875,23.841776680317995],[90.44845168346224,23.842083333333335],[90.44791666666667,23.842597967388038],[90.4475776378897,23.842916666666667],[90.44708333333334,23.843394803989792],[90.44670728962018,23.84375],[90.44625,23.844182640179678],[90.44575740264686,23.844583333333333],[90.44541666666667,23.844852736374587],[90.44458333333334,23.845315741583256],[90.44435623123124,23.845416666666665],[90.44375000000001,23.845711629142592],[90.44291666666668,23.846121131618194],[90.44271317829458,23.84625],[90.44208333333334,23.84672220996101],[90.44162267736486,23.847083333333334],[90.44125,23.847390539181557],[90.44049455736977,23.847916666666666],[90.44041666666666,23.847972202423378],[90.43958333333333,23.84852033930981],[90.43918940145502,23.84875],[90.43875,23.84904050065588],[90.43791666666667,23.84945512210593],[90.43761221569514,23.84958333333333],[90.43708333333333,23.849846644169478],[90.43625,23.85016540812657],[90.43563867016623,23.850416666666668],[90.43541666666667,23.85051961619604],[90.43458333333334,23.850782235268536],[90.43375,23.85101359278627],[90.43291666666667,23.851210909210614],[90.43281358506945,23.85125],[90.43208333333334,23.851561851275207],[90.43125,23.851954486368747],[90.43101571483328,23.852083333333333],[90.43041666666667,23.85242243436754],[90.42958333333334,23.852783651989185],[90.42921639140472,23.852916666666665],[90.42875000000001,23.853101665962242],[90.42791666666668,23.853358858420847],[90.42708333333334,23.85358233542419],[90.4264559625415,23.853749999999998],[90.42625,23.853816114916285],[90.42541666666666,23.85406695309703],[90.42458333333333,23.8542618474316],[90.42375,23.854423360742146],[90.42291666666667,23.854563335524873],[90.42284272015127,23.854583333333334],[90.42208333333333,23.85489517470882],[90.42125,23.855346258745406],[90.4211218156304,23.855416666666667],[90.42041666666667,23.855833333333333],[90.41958333333334,23.855833333333333],[90.41875,23.855833333333333],[90.41791666666667,23.855833333333333],[90.41708333333334,23.855833333333333],[90.41701535508638,23.855416666666667],[90.41625,23.855068311978258],[90.41541666666667,23.85481234702203],[90.41458333333334,23.85474127634161],[90.41375000000001,23.854755100786626],[90.41291666666666,23.85474210811261],[90.41208333333333,23.85468036678864],[90.41125,23.854645759152742],[90.41041666666666,23.854741082238988],[90.40958333333333,23.854994300370475],[90.40875,23.855316858181105],[90.40845922746782,23.855416666666667],[90.40791666666667,23.855833333333333],[90.40708333333333,23.855833333333333],[90.40625,23.855833333333333],[90.40541666666667,23.855833333333333],[90.40458333333333,23.855833333333333],[90.40452432185707,23.855416666666667],[90.40375,23.855103507383966],[90.40291666666667,23.85481928280821],[90.40208333333334,23.854658535501645],[90.40181468253968,23.854583333333334],[90.40125,23.854476846863026],[90.40041666666667,23.854262585417843],[90.39958333333334,23.85395771748311],[90.39910392300195,23.853749999999998],[90.39875,23.853603843831756],[90.39791666666666,23.85326917484551],[90.39708333333333,23.852936565074792],[90.39703255766483,23.852916666666665],[90.39625,23.852653774943427],[90.39541666666666,23.85234372684156],[90.39488716847498,23.852083333333333],[90.39458333333333,23.85194653640003],[90.39375,23.8515943932247],[90.39296608101513,23.85125],[90.39291666666666,23.851230049261083],[90.39208333333333,23.850994992269946],[90.39125,23.850757219251335],[90.39041666666667,23.850522268940278],[90.39016211524024,23.850416666666668],[90.38958333333333,23.85020576870469],[90.38875,23.849848302822274],[90.38830669346605,23.84958333333333],[90.38791666666667,23.849347074056894],[90.38709464133673,23.84875],[90.38708333333334,23.84874091880342],[90.38625,23.848079776710005],[90.38604301171688,23.847916666666666],[90.38541666666667,23.84738733959786],[90.38505590527578,23.847083333333334],[90.38458333333332,23.846626535697727],[90.38419168173598,23.84625],[90.38374999999999,23.845847213060686],[90.38312748370689,23.845416666666665],[90.38291666666666,23.845293455035304],[90.38208333333333,23.84486759284237],[90.38149266629297,23.844583333333333],[90.38125,23.844479266826923],[90.38041666666666,23.84408784626903],[90.37985307382736,23.84375],[90.37958333333333,23.843581491114],[90.37878575143006,23.842916666666667],[90.37875,23.842883693045565],[90.37796322489392,23.842083333333335],[90.37791666666666,23.842034983352917],[90.37713854105999,23.84125],[90.37708333333333,23.84119671632003],[90.37625,23.84045733214674],[90.37619973108421,23.840416666666666],[90.37541666666667,23.839847980470484],[90.37507221259388,23.839583333333334],[90.37458333333333,23.839158892566957],[90.37417146610083,23.83875],[90.37375,23.838246954896285],[90.37350610027607,23.83791666666667],[90.37299286767256,23.837083333333332],[90.37291666666667,23.836962143152668],[90.3724267008255,23.83625],[90.37208333333334,23.835837183436002],[90.3717375961358,23.835416666666667],[90.37125,23.834894389190275],[90.37098399914089,23.834583333333335],[90.37041666666667,23.83381177707676],[90.37037487155165,23.83375],[90.36986714276523,23.832916666666666],[90.36958333333332,23.832351556495006],[90.36942621566861,23.832083333333333],[90.36895759046487,23.83125],[90.36874999999999,23.83078876907277],[90.36853753036776,23.830416666666668],[90.36814618559974,23.829583333333332],[90.36791666666666,23.829106936892405],[90.36771916028447,23.82875],[90.36716439170355,23.827916666666667],[90.36708333333333,23.827806658878504],[90.36662930372232,23.827083333333334],[90.36625213788629,23.82625],[90.36625,23.826243934069613],[90.36594035763497,23.825416666666666],[90.36571440927175,23.824583333333333],[90.36554155522121,23.82375],[90.36541666666666,23.8231713142267],[90.3653471487982,23.822916666666668],[90.3651386464999,23.822083333333335],[90.36492206888202,23.82125],[90.36477750014873,23.820416666666667],[90.36469683749694,23.819583333333334],[90.36461740447193,23.81875],[90.36458333333333,23.81862473347548],[90.36430903542585,23.817916666666665],[90.36375297068919,23.817083333333333],[90.36375,23.817079252811027],[90.36333333333333,23.81625],[90.36333333333333,23.815416666666668],[90.36333333333333,23.814583333333335],[90.36333333333333,23.81375],[90.36333333333333,23.812916666666666],[90.36333333333333,23.812083333333334],[90.36333333333333,23.81125],[90.36333333333333,23.81041666666667],[90.36333333333333,23.809583333333332],[90.36333333333333,23.80875],[90.36333333333333,23.807916666666667],[90.36333333333333,23.807083333333335],[90.36333333333333,23.806250000000002],[90.36333333333333,23.805416666666666],[90.36333333333333,23.804583333333333],[90.36333333333333,23.80375],[90.36375,23.803175213675214],[90.36386658530319,23.80291666666667],[90.3641856060606,23.802083333333336],[90.3643502510908,23.80125],[90.36444922529313,23.800416666666667],[90.3645575298319,23.799583333333334],[90.36458333333333,23.799490523182957],[90.36472918980624,23.798750000000002],[90.36494023681858,23.797916666666666],[90.36517373829874,23.797083333333333],[90.36539298186952,23.79625],[90.36541666666666,23.796174215406563],[90.365623498864,23.795416666666668],[90.36589080763272,23.794583333333335],[90.36622823753875,23.79375],[90.36625,23.793699890170238],[90.36656188497703,23.792916666666667],[90.36695239280085,23.792083333333334],[90.36708333333333,23.791861380570786],[90.3674509679601,23.79125],[90.36791666666666,23.790633808724834],[90.36809527095409,23.79041666666667],[90.36874999999999,23.789681592810663],[90.36883307134748,23.789583333333333],[90.3694082788671,23.78875],[90.36958333333332,23.788456194237238],[90.36986045376004,23.787916666666668],[90.37024835846303,23.787083333333335],[90.37041666666667,23.786770031688548],[90.37067171773238,23.786250000000003],[90.37105877088305,23.785416666666666],[90.37125,23.78506008010681],[90.37148482025427,23.784583333333334],[90.37196427062204,23.78375],[90.37208333333334,23.78358029153114],[90.37251722983616,23.78291666666667],[90.37291666666667,23.78240426391836],[90.37319074122011,23.782083333333333],[90.37375,23.781513903531895],[90.37403904445728,23.78125],[90.37458333333333,23.780803430443708],[90.37507048031026,23.780416666666667],[90.37541666666667,23.780111454497632],[90.37596693157943,23.779583333333335],[90.37625,23.77930150068213],[90.37678528866525,23.778750000000002],[90.37708333333333,23.77844738729049],[90.37761967844203,23.777916666666666],[90.37791666666666,23.77762951042214],[90.37855885078777,23.777083333333334],[90.37875,23.776919165118954],[90.37956779615219,23.77625],[90.37958333333333,23.776236127195524],[90.38041666666666,23.775498559199935],[90.3805171920516,23.77541666666667],[90.38125,23.774860288309636],[90.3817143424712,23.774583333333336],[90.38208333333333,23.77436714385475],[90.38291666666666,23.773955126815522],[90.38323699503498,23.77375],[90.38374999999999,23.773371902029275],[90.38432449097397,23.772916666666667],[90.38458333333332,23.772698723047014],[90.38541666666667,23.77213444314642],[90.38551855301972,23.772083333333335],[90.38625,23.771694904773685],[90.38708333333334,23.771356361426257],[90.38725460345077,23.771250000000002],[90.38791666666667,23.770770150273226],[90.38832130398171,23.77041666666667],[90.38875,23.77006448265639],[90.3894784186116,23.769583333333333],[90.38958333333333,23.769523581288343],[90.39041666666667,23.769266188662336],[90.39125,23.76908387995486],[90.39208333333333,23.768915979127],[90.3925381642512,23.76875],[90.39291666666666,23.768590010618315],[90.39375,23.768203999846605],[90.39431478968793,23.767916666666668],[90.39458333333333,23.767773214141904],[90.39541666666666,23.76741271864599],[90.39625,23.767101385349278],[90.39629823642396,23.767083333333336],[90.39708333333333,23.76676880027982],[90.39791666666666,23.766453840970353],[90.39847390350877,23.766250000000003],[90.39875,23.766134884061152],[90.39958333333334,23.765840513021345],[90.40041666666667,23.76562761088586],[90.40125,23.765451451768683],[90.40140616531166,23.765416666666667],[90.40208333333334,23.765194140172767],[90.40291666666667,23.76481670811458],[90.40336519738007,23.764583333333334],[90.40375,23.764166666666668],[90.40458333333333,23.764166666666668],[90.40541666666667,23.764166666666668],[90.40625,23.764166666666668],[90.40708333333333,23.764166666666668],[90.40791666666667,23.764166666666668],[90.40875,23.764166666666668],[90.40958333333333,23.764166666666668],[90.41041666666666,23.764166666666668],[90.41125,23.764166666666668],[90.41208333333333,23.764166666666668],[90.41291666666666,23.764166666666668],[90.41375000000001,23.764166666666668],[90.41458333333334,23.764166666666668],[90.41541666666667,23.764166666666668],[90.41625,23.764166666666668],[90.41708333333334,23.764166666666668],[90.41791666666667,23.764166666666668],[90.41875,23.764166666666668],[90.41958333333334,23.764166666666668],[90.42041666666667,23.764166666666668],[90.42125,23.764166666666668],[90.42208333333333,23.764166666666668],[90.4224086276577,23.764583333333334]]]]}},{"type":"Feature","properties":{"dbm":-122,"color":"rgb(92, 0, 165)","label":"≥ -122 dBm","fill":"#5c00a5","fill-opacity":0.35,"stroke":"#5c00a5","stroke-width":1,"stroke-opacity":0.8},"geometry":{"type":"MultiPolygon","coordinates":[[[[90.42070073714491,23.764583333333334],[90.42125,23.76475148612946],[90.42208333333333,23.765199415298788],[90.42246106136915,23.765416666666667],[90.42291666666667,23.76562294147454],[90.42375,23.765941772748704],[90.42458333333333,23.76614284111311],[90.42512967200611,23.766250000000003],[90.42541666666666,23.766309047394852],[90.42625,23.76646082408198],[90.42708333333334,23.766652589520536],[90.42791666666668,23.766895365918806],[90.42845874253804,23.767083333333336],[90.42875000000001,23.76718797564688],[90.42958333333334,23.76746787345075],[90.43041666666667,23.767762980167358],[90.43078708114976,23.767916666666668],[90.43125,23.768115127995642],[90.43208333333334,23.76854975643702],[90.43244900876859,23.76875],[90.43291666666667,23.769021206426416],[90.43375,23.76947279849923],[90.43403983410494,23.769583333333333],[90.43458333333334,23.769790061633284],[90.43541666666667,23.770037977195642],[90.43625,23.7702747986754],[90.43656074843389,23.77041666666667],[90.43708333333333,23.770677057663875],[90.43791666666667,23.771159650840268],[90.43806138115772,23.771250000000002],[90.43875,23.771672478755814],[90.43945071096527,23.772083333333335],[90.43958333333333,23.77216481854839],[90.44041666666666,23.772697811447813],[90.44074178277957,23.772916666666667],[90.44125,23.77326497714659],[90.44199579568273,23.77375],[90.44208333333334,23.773807153392333],[90.44291666666668,23.774347539201987],[90.44326822916668,23.774583333333336],[90.44375000000001,23.774912046908316],[90.44448855755896,23.77541666666667],[90.44458333333334,23.775484676951148],[90.44541666666667,23.776108094768016],[90.44558227726574,23.77625],[90.44625,23.776849207374863],[90.44649200730252,23.777083333333334],[90.44708333333334,23.777684782608695],[90.44730526657997,23.777916666666666],[90.44791666666667,23.778592193486592],[90.44806214128036,23.778750000000002],[90.44875,23.779501132966928],[90.44883045488864,23.779583333333335],[90.44958333333334,23.780307310100735],[90.44970692307693,23.780416666666667],[90.45041666666667,23.78099347753605],[90.4507545564339,23.78125],[90.45125,23.781657522803215],[90.45171554107425,23.782083333333333],[90.45208333333333,23.782442196531793],[90.45252630868862,23.78291666666667],[90.45291666666667,23.783350319744205],[90.45323641087131,23.78375],[90.45375,23.784396443304157],[90.45388542578011,23.784583333333334],[90.45439965078062,23.785416666666666],[90.45458333333333,23.785781632653062],[90.45481164610692,23.786250000000003],[90.4552082911862,23.787083333333335],[90.45541666666668,23.787480863244564],[90.45565443602162,23.787916666666668],[90.45621760895172,23.78875],[90.45625000000001,23.78879156040427],[90.45687355872946,23.789583333333333],[90.45708333333334,23.789820288211075],[90.45759719808862,23.79041666666667],[90.45791666666668,23.79083714503526],[90.4582043492696,23.79125],[90.45866356877323,23.792083333333334],[90.45875000000001,23.792280534351146],[90.45902095375723,23.792916666666667],[90.45931300034808,23.79375],[90.45958025938288,23.794583333333335],[90.45958333333334,23.794593971631205],[90.45982371225578,23.795416666666668],[90.46001570551793,23.79625],[90.46018351961813,23.797083333333333],[90.46040844396603,23.797916666666666],[90.46041666666667,23.7979424592009],[90.46067369693714,23.798750000000002],[90.46088862057279,23.799583333333334],[90.46099377945852,23.800416666666667],[90.4610403063787,23.80125],[90.46110361773317,23.802083333333336],[90.46125,23.802819732491734],[90.46127889784947,23.80291666666667],[90.46159312263964,23.80375],[90.46184986816085,23.804583333333333],[90.46191024082437,23.805416666666666],[90.46188608776845,23.806250000000002],[90.46193611017992,23.807083333333335],[90.46208333333334,23.8078201901566],[90.4625,23.807916666666667],[90.4625,23.80875],[90.4625,23.809583333333332],[90.4625,23.81041666666667],[90.4625,23.81125],[90.4625,23.812083333333334],[90.4625,23.812916666666666],[90.4625,23.81375],[90.4625,23.814583333333335],[90.46208333333334,23.81507044198895],[90.4619925646968,23.815416666666668],[90.46163658614695,23.81625],[90.46125959358103,23.817083333333333],[90.46125,23.817107599823515],[90.46102929229103,23.817916666666665],[90.46088051709857,23.81875],[90.4607557255323,23.819583333333334],[90.4605896139706,23.820416666666667],[90.46041666666667,23.821118257519263],[90.46038504564167,23.82125],[90.46017788123683,23.822083333333335],[90.45997493176695,23.822916666666668],[90.45973536766068,23.82375],[90.45958333333334,23.82421427224736],[90.45946627197704,23.824583333333333],[90.45921545335007,23.825416666666666],[90.45895871842268,23.82625],[90.45875000000001,23.82687523071244],[90.45868041412085,23.827083333333334],[90.45839223629478,23.827916666666667],[90.45805613460394,23.82875],[90.45791666666668,23.82902988047809],[90.45762815853237,23.829583333333332],[90.45708333333334,23.830356038291605],[90.45703856749311,23.830416666666668],[90.45643862491,23.83125],[90.45625000000001,23.83150124664365],[90.45586037293793,23.832083333333333],[90.45541666666668,23.83285138888889],[90.45538052171774,23.832916666666666],[90.45488790348355,23.83375],[90.45458333333333,23.834214017918004],[90.45434124856378,23.834583333333335],[90.45378691229503,23.835416666666667],[90.45375,23.83547085705724],[90.45323340949733,23.83625],[90.45291666666667,23.836692332593415],[90.45262861133824,23.837083333333332],[90.45208333333333,23.83772194956508],[90.4518955399061,23.83791666666667],[90.45125,23.838528045047013],[90.45100706079464,23.83875],[90.45041666666667,23.839300595238097],[90.45013766519824,23.839583333333334],[90.44958333333334,23.840211400881792],[90.44941619250831,23.840416666666666],[90.44875,23.841170653173872],[90.4486790415467,23.84125],[90.44791666666667,23.84203100856862],[90.44786371712864,23.842083333333335],[90.44708333333334,23.84282183212268],[90.44698201839478,23.842916666666667],[90.44625,23.843612819461526],[90.44609788209442,23.84375],[90.44541666666667,23.844326060489553],[90.44502280753385,23.844583333333333],[90.44458333333334,23.8448550955414],[90.44375000000001,23.84523828721779],[90.44336898718879,23.845416666666665],[90.44291666666668,23.84564923564504],[90.44208333333334,23.846172839506174],[90.44198467674224,23.84625],[90.44125,23.84683934464875],[90.44093282111899,23.847083333333334],[90.44041666666666,23.847467497556206],[90.43975589588726,23.847916666666666],[90.43958333333333,23.84803234046655],[90.43875,23.848533956162413],[90.43832836605891,23.84875],[90.43791666666667,23.84897343799556],[90.43708333333333,23.84932298641668],[90.43634092562284,23.84958333333333],[90.43625,23.849619291621718],[90.43541666666667,23.849962480252763],[90.43458333333334,23.850236314449393],[90.43403281519862,23.850416666666668],[90.43375,23.850504491820864],[90.43291666666667,23.85071095858845],[90.43208333333334,23.85101689375172],[90.43159829610539,23.85125],[90.43125,23.851420917650366],[90.43041666666667,23.85188380039838],[90.43002557889069,23.852083333333333],[90.42958333333334,23.852294804943995],[90.42875000000001,23.852611162361622],[90.42791666666668,23.852868173258003],[90.4277419719584,23.852916666666665],[90.42708333333334,23.853101200658937],[90.42625,23.853313283330085],[90.42541666666666,23.853530765503876],[90.42458333333333,23.853730637473934],[90.42448692992214,23.853749999999998],[90.42375,23.853889679527725],[90.42291666666667,23.854008601797062],[90.42208333333333,23.85420858799561],[90.42125,23.854485119803574],[90.4209864235401,23.854583333333334],[90.42041666666667,23.854889051450865],[90.41958333333334,23.855149868247693],[90.41875,23.85518424036281],[90.41791666666667,23.85500778565292],[90.41708333333334,23.854677111924367],[90.41686493844698,23.854583333333334],[90.41625,23.854393831618882],[90.41541666666667,23.854241465965053],[90.41458333333334,23.854221281760292],[90.41375000000001,23.854252437703142],[90.41291666666666,23.85423566538297],[90.41208333333333,23.854167948717947],[90.41125,23.854117260218533],[90.41041666666666,23.854177584072623],[90.40958333333333,23.854356565341106],[90.40875,23.85457452245013],[90.40870919033627,23.854583333333334],[90.40791666666667,23.85483230769231],[90.40708333333333,23.85499016166773],[90.40625,23.855003168044078],[90.40541666666667,23.854886233870047],[90.40459799382717,23.854583333333334],[90.40458333333333,23.854579218641717],[90.40375,23.85436968383887],[90.40291666666667,23.854228871281624],[90.40208333333334,23.85416332088391],[90.40125,23.85402224018199],[90.40041666666667,23.85378651808664],[90.40032376395534,23.853749999999998],[90.39958333333334,23.85345807394831],[90.39875,23.8530944355001],[90.3983406703738,23.852916666666665],[90.39791666666666,23.852724560851005],[90.39708333333333,23.852419240146283],[90.39625,23.852133048755398],[90.39612426292057,23.852083333333333],[90.39541666666666,23.851809139784947],[90.39458333333333,23.851431321663615],[90.39417450665442,23.85125],[90.39375,23.851062904530743],[90.39291666666666,23.850731280788178],[90.39208333333333,23.85048455669826],[90.39186343348574,23.850416666666668],[90.39125,23.850227851494438],[90.39041666666667,23.850002242375922],[90.38958333333333,23.84968643140473],[90.38936009921517,23.84958333333333],[90.38875,23.849289635015683],[90.38791666666667,23.848760049474336],[90.3879028309919,23.84875],[90.38708333333334,23.84809188034188],[90.38686743022643,23.847916666666666],[90.38625,23.84734693877551],[90.38594024780176,23.847083333333334],[90.38541666666667,23.84654707602339],[90.38510923505204,23.84625],[90.38458333333332,23.84567228427071],[90.38429724702381,23.845416666666665],[90.38374999999999,23.845006277201204],[90.38291666666666,23.844587978446675],[90.3829073712586,23.844583333333333],[90.38208333333333,23.84420661227265],[90.38125,23.843870793269232],[90.38100074404761,23.84375],[90.38041666666666,23.843449003067484],[90.37958333333333,23.84292316861725],[90.37957553302132,23.842916666666667],[90.37875,23.842155275779376],[90.37867927864215,23.842083333333335],[90.37791666666666,23.841291372894634],[90.37787565521258,23.84125],[90.37708333333333,23.84048529136219],[90.37700621183407,23.840416666666666],[90.37625,23.839782786161855],[90.3759759609555,23.839583333333334],[90.37541666666667,23.8391477809254],[90.37496253773178,23.83875],[90.37458333333333,23.838360335659686],[90.37420664033107,23.83791666666667],[90.37375,23.837241517174245],[90.37365136142907,23.837083333333332],[90.37315330119777,23.83625],[90.37291666666667,23.83593470221876],[90.37249551687763,23.835416666666667],[90.37208333333334,23.83504238505747],[90.37165343559383,23.834583333333335],[90.37125,23.834182700872972],[90.37091048088348,23.83375],[90.37041666666667,23.833015210608423],[90.37035570674901,23.832916666666666],[90.36991497829233,23.832083333333333],[90.36958333333332,23.831462495767017],[90.36945902667723,23.83125],[90.36907715570217,23.830416666666668],[90.36874999999999,23.829585387902696],[90.36874900770025,23.829583333333332],[90.36837596259626,23.82875],[90.36791666666666,23.828104790775082],[90.36778693228398,23.827916666666667],[90.3671644033838,23.827083333333334],[90.36708333333333,23.82696342333443],[90.36669998820476,23.82625],[90.36639490376203,23.825416666666666],[90.36625,23.82490841963943],[90.36615226604394,23.824583333333333],[90.36596469965451,23.82375],[90.36578071625344,23.822916666666668],[90.36559858279463,23.822083333333335],[90.36541666666666,23.82137435400517],[90.36538171115549,23.82125],[90.3652292670593,23.820416666666667],[90.36516179892236,23.819583333333334],[90.36510672401572,23.81875],[90.36488941508807,23.817916666666665],[90.36458333333333,23.817321243858288],[90.36442137575918,23.817083333333333],[90.36381248406019,23.81625],[90.36375,23.816138535031847],[90.36333333333333,23.815416666666668],[90.36333333333333,23.814583333333335],[90.36333333333333,23.81375],[90.36333333333333,23.812916666666666],[90.36333333333333,23.812083333333334],[90.36333333333333,23.81125],[90.36333333333333,23.81041666666667],[90.36333333333333,23.809583333333332],[90.36333333333333,23.80875],[90.36333333333333,23.807916666666667],[90.36333333333333,23.807083333333335],[90.36333333333333,23.806250000000002],[90.36333333333333,23.805416666666666],[90.36375,23.804782815198617],[90.36380573248407,23.804583333333333],[90.36416723759933,23.80375],[90.36451695786228,23.80291666666667],[90.36458333333333,23.80273550724638],[90.36475276310196,23.802083333333336],[90.36487004093672,23.80125],[90.364945068212,23.800416666666667],[90.36502576694555,23.799583333333334],[90.36519776625941,23.798750000000002],[90.36541666666666,23.797946125084977],[90.36542468393462,23.797916666666666],[90.36566024707096,23.797083333333333],[90.36586632362939,23.79625],[90.3661164394677,23.795416666666668],[90.36625,23.795039835164836],[90.36642060232717,23.794583333333335],[90.36675330033003,23.79375],[90.36708333333333,23.792986641221376],[90.36711713528463,23.792916666666667],[90.36754574108241,23.792083333333334],[90.36791666666666,23.791501447178003],[90.36810329394916,23.79125],[90.36874999999999,23.790468327382886],[90.36879644489835,23.79041666666667],[90.36949622303729,23.789583333333333],[90.36958333333332,23.78945705152551],[90.37001637977824,23.78875],[90.37041666666667,23.787946247859256],[90.3704313339509,23.787916666666668],[90.37082123478515,23.787083333333335],[90.37123371817643,23.786250000000003],[90.37125,23.786216112138018],[90.37162657814541,23.785416666666666],[90.37203967558088,23.784583333333334],[90.37208333333334,23.78450992136626],[90.37253505696756,23.78375],[90.37291666666667,23.783187990749706],[90.37311460295041,23.78291666666667],[90.37375,23.78218399384727],[90.3738459962033,23.782083333333333],[90.37458333333333,23.78140402655219],[90.3747700443288,23.78125],[90.37541666666667,23.78073332948333],[90.37576915659552,23.780416666666667],[90.37625,23.779954024410358],[90.37660922640454,23.779583333333335],[90.37708333333333,23.779096264367816],[90.37741997924648,23.778750000000002],[90.37791666666666,23.778257908264138],[90.37830042689434,23.777916666666666],[90.37875,23.777526349316656],[90.37929972693303,23.777083333333334],[90.37958333333333,23.77684638168428],[90.38029509410528,23.77625],[90.38041666666666,23.776142151877277],[90.38125,23.775462568853282],[90.38131390147554,23.77541666666667],[90.38208333333333,23.77493383639545],[90.382761496685,23.774583333333336],[90.38291666666666,23.774503847821375],[90.38374999999999,23.77398192541857],[90.38405820186084,23.77375],[90.38458333333332,23.77333070897933],[90.38514722863741,23.772916666666667],[90.38541666666667,23.77272585669782],[90.38625,23.772321812691324],[90.38696437422553,23.772083333333335],[90.38708333333334,23.77204011345219],[90.38791666666667,23.771603225994635],[90.3883114893062,23.771250000000002],[90.38875,23.770870955923797],[90.38922151047151,23.77041666666667],[90.38958333333333,23.77015857119012],[90.39041666666667,23.769836643965192],[90.39125,23.769621019927936],[90.39142925848199,23.769583333333333],[90.39208333333333,23.76945146675129],[90.39291666666666,23.769166112834146],[90.39375,23.768789065712642],[90.39381686373873,23.76875],[90.39458333333333,23.768346935376417],[90.39541666666666,23.767951911721287],[90.39549090485075,23.767916666666668],[90.39625,23.76759761157943],[90.39708333333333,23.76728033772181],[90.39756921568627,23.767083333333336],[90.39791666666666,23.76694118213323],[90.39875,23.76662078098054],[90.39958333333334,23.766331436239128],[90.39986849211493,23.766250000000003],[90.40041666666667,23.766094114756115],[90.40125,23.76590984546662],[90.40208333333334,23.76572960813218],[90.40291666666667,23.765487658581478],[90.40313340357214,23.765416666666667],[90.40375,23.76511517515455],[90.40458333333333,23.764780708745086],[90.40541666666667,23.76460899605189],[90.40625,23.764668917318172],[90.40708333333333,23.764880399801957],[90.40791666666667,23.765262333465245],[90.40836597542243,23.765416666666667],[90.40875,23.7655260279965],[90.40958333333333,23.76562877234939],[90.41041666666666,23.76554246337918],[90.41125,23.765464442355892],[90.41208333333333,23.765421434306937],[90.41214353612168,23.765416666666667],[90.41291666666666,23.76533613861386],[90.41375000000001,23.765168087121214],[90.41458333333334,23.765007292090626],[90.41541666666667,23.764990577488184],[90.41625,23.765073051004997],[90.41708333333334,23.765042333660027],[90.41791666666667,23.764879032258065],[90.41875,23.76462045405638],[90.41895069808028,23.764583333333334],[90.41958333333334,23.764166666666668],[90.42041666666667,23.764166666666668],[90.42070073714491,23.764583333333334]]]]}},{"type":"Feature","properties":{"dbm":-117,"color":"rgb(126, 3, 167)","label":"≥ -117 dBm","fill":"#7e03a7","fill-opacity":0.35,"stroke":"#7e03a7","stroke-width":1,"stroke-opacity":0.8},"geometry":{"type":"MultiPolygon","coordinates":[[[[90.42068672839507,23.765416666666667],[90.42125,23.76556746378925],[90.42208333333333,23.765925786249774],[90.42287881336922,23.766250000000003],[90.42291666666667,23.766274224806203],[90.42375,23.76665294698716],[90.42458333333333,23.766808995645075],[90.42541666666666,23.76690491603892],[90.42625,23.767001227583265],[90.42665739759887,23.767083333333336],[90.42708333333334,23.767187797696373],[90.42791666666668,23.76744668111314],[90.42875000000001,23.767713349245884],[90.42942048825006,23.767916666666668],[90.42958333333334,23.767976220275344],[90.43041666666667,23.76829958151383],[90.43125,23.768632131672113],[90.43147376244022,23.76875],[90.43208333333334,23.76912826836702],[90.43291666666667,23.769580846046136],[90.4329212585034,23.769583333333333],[90.43375,23.770069311472795],[90.43458333333334,23.770347237508254],[90.43482282966337,23.77041666666667],[90.43541666666667,23.770624778250845],[90.43625,23.77090547135885],[90.43697226709747,23.771250000000002],[90.43708333333333,23.771319514661275],[90.43791666666667,23.7718454512072],[90.43834342061923,23.772083333333335],[90.43875,23.772327160493827],[90.43958333333333,23.772802734375002],[90.43976503885317,23.772916666666667],[90.44041666666666,23.77338200822809],[90.4409996968319,23.77375],[90.44125,23.773915339941926],[90.44208333333334,23.774429387905606],[90.44232663170163,23.774583333333336],[90.44291666666668,23.774991380082394],[90.44358147837043,23.77541666666667],[90.44375000000001,23.775535274411272],[90.44458333333334,23.77611449780211],[90.44476480062202,23.77625],[90.44541666666667,23.776787136188908],[90.4457491011813,23.777083333333334],[90.44625,23.777559576130482],[90.44660061852704,23.777916666666666],[90.44708333333334,23.778446981668775],[90.44735501086238,23.778750000000002],[90.44791666666667,23.779402001096493],[90.44808082688108,23.779583333333335],[90.44875,23.78029533692438],[90.44887700386954,23.780416666666667],[90.44958333333334,23.781033579567403],[90.44985972376372,23.78125],[90.45041666666667,23.781715065389765],[90.45087835657114,23.782083333333333],[90.45125,23.78240501732037],[90.45177647464644,23.78291666666667],[90.45208333333333,23.783230010567102],[90.45254336761192,23.78375],[90.45291666666667,23.7841127851807],[90.45329025406748,23.784583333333334],[90.45375,23.78520983508082],[90.45387967337716,23.785416666666666],[90.45428797580932,23.786250000000003],[90.45458333333333,23.786843884120174],[90.45469620338527,23.787083333333335],[90.45510123734533,23.787916666666668],[90.45541666666668,23.788384495606717],[90.4556585873086,23.78875],[90.45625000000001,23.78950883158591],[90.45630867365915,23.789583333333333],[90.45704045705892,23.79041666666667],[90.45708333333334,23.790465034113062],[90.45767648033585,23.79125],[90.45791666666668,23.791601920794218],[90.45819307620819,23.792083333333334],[90.45855468750001,23.792916666666667],[90.45875000000001,23.79341198366955],[90.4588724765054,23.79375],[90.45913563440483,23.794583333333335],[90.45937136344551,23.795416666666668],[90.45957542739058,23.79625],[90.45958333333334,23.796287012606275],[90.45974145709629,23.797083333333333],[90.45995432663558,23.797916666666666],[90.46021380767333,23.798750000000002],[90.46041666666667,23.799426697530865],[90.46045966785292,23.799583333333334],[90.46057759234901,23.800416666666667],[90.46061652435962,23.80125],[90.46064990739082,23.802083333333336],[90.46075696704638,23.80291666666667],[90.46093001468088,23.80375],[90.4610669711786,23.804583333333333],[90.46108462311997,23.805416666666666],[90.46106649118302,23.806250000000002],[90.46113108384459,23.807083333333335],[90.46125,23.807704594017096],[90.46130223134408,23.807916666666667],[90.4615285664475,23.80875],[90.46167585873246,23.809583333333332],[90.46172669082127,23.81041666666667],[90.4617156213192,23.81125],[90.4616814004595,23.812083333333334],[90.46163336360884,23.812916666666666],[90.46157441108079,23.81375],[90.46145727263652,23.814583333333335],[90.46125929412901,23.815416666666668],[90.46125,23.815439814814816],[90.46102083333334,23.81625],[90.4607755642196,23.817083333333333],[90.46057230547031,23.817916666666665],[90.46043123594842,23.81875],[90.46041666666667,23.81884522428461],[90.4602967778406,23.819583333333334],[90.46012420313842,23.820416666666667],[90.45993198496511,23.82125],[90.45973317814477,23.822083333333335],[90.45958333333334,23.822683556181094],[90.45951954554208,23.822916666666668],[90.45926926490391,23.82375],[90.45901215464657,23.824583333333333],[90.45876158030005,23.825416666666666],[90.45875000000001,23.825453361742426],[90.45848520616934,23.82625],[90.45821175091034,23.827083333333334],[90.4579207797852,23.827916666666667],[90.45791666666668,23.8279266096353],[90.45754207633485,23.82875],[90.45710245759778,23.829583333333332],[90.45708333333334,23.829610456553755],[90.45648805640134,23.830416666666668],[90.45625000000001,23.830748057321628],[90.45590147852289,23.83125],[90.45541666666668,23.832008634868423],[90.45537152087476,23.832083333333333],[90.45491332902671,23.832916666666666],[90.45458333333333,23.833462262231716],[90.45439731702506,23.83375],[90.45385652049023,23.834583333333335],[90.45375,23.83474280867737],[90.45328677243464,23.835416666666667],[90.45291666666667,23.835972592263666],[90.45272127814846,23.83625],[90.45211118492777,23.837083333333332],[90.45208333333333,23.837115952437955],[90.45131109058724,23.83791666666667],[90.45125,23.837974524382243],[90.45041666666667,23.83873440016103],[90.45040013650713,23.83875],[90.44958333333334,23.83957954250065],[90.4495800189394,23.839583333333334],[90.44890181534919,23.840416666666666],[90.44875,23.840588488960442],[90.4481584224599,23.84125],[90.44791666666667,23.8414976647001],[90.44732400497513,23.842083333333335],[90.44708333333334,23.84231108757062],[90.44643637278149,23.842916666666667],[90.44625,23.843093908022414],[90.4455224672274,23.84375],[90.44541666666667,23.843839468794055],[90.44458333333334,23.84439355153288],[90.4442176121682,23.844583333333333],[90.44375000000001,23.844808606348668],[90.44291666666668,23.845182106096594],[90.44250375254637,23.845416666666665],[90.44208333333334,23.845674169293407],[90.4413470822838,23.84625],[90.44125,23.846327877685727],[90.44041666666666,23.84696344131555],[90.44026007098083,23.847083333333334],[90.43958333333333,23.84754908958254],[90.43901581937506,23.847916666666666],[90.43875,23.848079186130075],[90.43791666666667,23.84849910642756],[90.43729557589627,23.84875],[90.43708333333333,23.84883872202028],[90.43625,23.849080444491705],[90.43541666666667,23.849385119506554],[90.43492884250475,23.84958333333333],[90.43458333333334,23.849699236155313],[90.43375,23.84997025078147],[90.43291666666667,23.85018119629127],[90.43230452674898,23.850416666666668],[90.43208333333334,23.85049434007707],[90.43125,23.85085230775158],[90.43061702845229,23.85125],[90.43041666666667,23.851362215811527],[90.42958333333334,23.851777357619657],[90.42890553720308,23.852083333333333],[90.42875000000001,23.85214414206642],[90.42791666666668,23.85239147834275],[90.42708333333334,23.852598214285713],[90.42625,23.852800235017625],[90.4258020644967,23.852916666666665],[90.42541666666666,23.853005173726466],[90.42458333333333,23.853165121388145],[90.42375,23.853302502394637],[90.42291666666667,23.853408602829713],[90.42208333333333,23.853590061541286],[90.42157059776207,23.853749999999998],[90.42125,23.853842181017693],[90.42041666666667,23.854129284949117],[90.41958333333334,23.854327275572246],[90.41875,23.854386529386527],[90.41791666666667,23.854286572942137],[90.41708333333334,23.854070357554786],[90.41625,23.85383982636609],[90.41558373917749,23.853749999999998],[90.41541666666667,23.853724601020073],[90.41458333333334,23.85374077956363],[90.41446991404011,23.853749999999998],[90.41375000000001,23.85379536836403],[90.41291666666666,23.85377147136133],[90.41271125730994,23.853749999999998],[90.41208333333333,23.853664639478495],[90.41125,23.853570758258257],[90.41041666666666,23.85363288230789],[90.40996200858936,23.853749999999998],[90.40958333333333,23.853829550975085],[90.40875,23.85403926129555],[90.40791666666667,23.854209860478566],[90.40708333333333,23.854301346801346],[90.40625,23.85428467124477],[90.40541666666667,23.854164121489777],[90.40458333333333,23.85392140939016],[90.40375,23.85376033140748],[90.40362112112112,23.853749999999998],[90.40291666666667,23.853690641869097],[90.40208333333334,23.85368273028636],[90.40125,23.853557138334917],[90.40041666666667,23.85331832594508],[90.39958333333334,23.852980569703828],[90.39944124021252,23.852916666666665],[90.39875,23.85255376936064],[90.39791666666666,23.852193120582267],[90.39760559190958,23.852083333333333],[90.39708333333333,23.85187792466074],[90.39625,23.851597943608226],[90.39541666666666,23.851298807123655],[90.39530950272982,23.85125],[90.39458333333333,23.850882605449794],[90.39375,23.850550920307445],[90.39340393639208,23.850416666666668],[90.39291666666666,23.85020735349011],[90.39208333333333,23.849958411637783],[90.39125,23.849718955233882],[90.39074088050315,23.84958333333333],[90.39041666666667,23.849482207313244],[90.38958333333333,23.849147511636232],[90.38875355007474,23.84875],[90.38875,23.84874782150064],[90.38791666666667,23.848120943952804],[90.38766316284908,23.847916666666666],[90.38708333333334,23.84731217969687],[90.38683276623686,23.847083333333334],[90.38625,23.846415126625597],[90.38608942358893,23.84625],[90.3855155017428,23.845416666666665],[90.38541666666667,23.845244156260005],[90.38478147122191,23.844583333333333],[90.38458333333332,23.844459938662066],[90.38374999999999,23.844107567229518],[90.38291666666666,23.84383937376726],[90.38267519317878,23.84375],[90.38208333333333,23.84347798799902],[90.38125,23.84315523306948],[90.38071287128713,23.842916666666667],[90.38041666666666,23.842751987767585],[90.37958333333333,23.842159033655783],[90.37950090520079,23.842083333333335],[90.37875,23.841333415516107],[90.37867002836433,23.84125],[90.37791666666666,23.840473386398095],[90.37785756601218,23.840416666666666],[90.37708333333333,23.839706612853153],[90.37693119412516,23.839583333333334],[90.37625,23.8389869171419],[90.37592897727272,23.83875],[90.37541666666667,23.838316506410255],[90.37502919617343,23.83791666666667],[90.37458333333333,23.837339325933076],[90.37441855648751,23.837083333333332],[90.37393318965518,23.83625],[90.37375,23.83595994065282],[90.37338945779177,23.835416666666667],[90.37291666666667,23.834964020864756],[90.37248374070897,23.834583333333335],[90.37208333333334,23.834330626973387],[90.3714985918052,23.83375],[90.37125,23.833493219782284],[90.37084970354444,23.832916666666666],[90.37041666666667,23.832165423307337],[90.3703728744573,23.832083333333333],[90.36994533181213,23.83125],[90.36958333333332,23.830449095498526],[90.36956837440972,23.830416666666668],[90.36928168174487,23.829583333333332],[90.36902098275273,23.82875],[90.36874999999999,23.82829341102],[90.36849712726921,23.827916666666667],[90.36791666666666,23.827331117280345],[90.36772790516473,23.827083333333334],[90.36715992647059,23.82625],[90.36708333333333,23.82610033524904],[90.36681013506124,23.825416666666666],[90.36657270638437,23.824583333333333],[90.3663904741624,23.82375],[90.36625,23.82314324258033],[90.36619910468319,23.822916666666668],[90.36601815017404,23.822083333333335],[90.36581529458553,23.82125],[90.36568413687252,23.820416666666667],[90.36564445993494,23.819583333333334],[90.365624161449,23.81875],[90.36541666666666,23.818007072324527],[90.36539415088069,23.817916666666665],[90.36496737751969,23.817083333333333],[90.36458333333333,23.816419923901766],[90.36445804641673,23.81625],[90.363989863721,23.815416666666668],[90.36378689124075,23.814583333333335],[90.36380198551113,23.81375],[90.36398897235865,23.812916666666666],[90.36427995330574,23.812083333333334],[90.36451460333791,23.81125],[90.36450805441712,23.81041666666667],[90.36429434619507,23.809583333333332],[90.36409433914962,23.80875],[90.36401696101139,23.807916666666667],[90.36405896588077,23.807083333333335],[90.3641543012317,23.806250000000002],[90.36431675031984,23.805416666666666],[90.36453857845976,23.804583333333333],[90.36458333333333,23.80447299547942],[90.36478783902012,23.80375],[90.365013321352,23.80291666666667],[90.36521391267382,23.802083333333336],[90.36532719282403,23.80125],[90.36540346190993,23.800416666666667],[90.36541666666666,23.800283119658122],[90.36549405847005,23.799583333333334],[90.36567674186914,23.798750000000002],[90.36589300030835,23.797916666666666],[90.36612122867723,23.797083333333333],[90.36625,23.79657935376574],[90.36635093563419,23.79625],[90.36663696092822,23.795416666666668],[90.36694036618754,23.794583333333335],[90.36708333333333,23.794226830517154],[90.36731556525353,23.79375],[90.36770050702927,23.792916666666667],[90.36791666666666,23.792496641289745],[90.36818755503376,23.792083333333334],[90.36874999999999,23.79130023157608],[90.36879368040748,23.79125],[90.36953506468242,23.79041666666667],[90.36958333333332,23.790358359769712],[90.37018540069369,23.789583333333333],[90.37041666666667,23.789158064786843],[90.37063318193962,23.78875],[90.3710175428439,23.787916666666668],[90.37125,23.787389210019267],[90.37140951858956,23.787083333333335],[90.37182942401382,23.786250000000003],[90.37208333333334,23.785655583149374],[90.37219804363187,23.785416666666666],[90.37261419682828,23.784583333333334],[90.37291666666667,23.784060615001312],[90.37312549590055,23.78375],[90.37371047159448,23.78291666666667],[90.37375,23.782871086681144],[90.37450125118647,23.782083333333333],[90.37458333333333,23.782007711264807],[90.37541666666667,23.781330399381368],[90.37550962448722,23.78125],[90.37625,23.780599889165973],[90.37643307032116,23.780416666666667],[90.37708333333333,23.77974231983922],[90.37723111822791,23.779583333333335],[90.37791666666666,23.77887588359497],[90.37804892457561,23.778750000000002],[90.37875,23.778132381680688],[90.37902210610932,23.777916666666666],[90.37958333333333,23.777474565180682],[90.38010147601476,23.777083333333334],[90.38041666666666,23.776826335703866],[90.3810620214395,23.77625],[90.38125,23.776096331997998],[90.38208333333333,23.775508018246803],[90.38223713380839,23.77541666666667],[90.38291666666666,23.775085091176017],[90.38371217689574,23.774583333333336],[90.38374999999999,23.774559836377474],[90.38458333333332,23.773973019411166],[90.38488390286643,23.77375],[90.38541666666667,23.77337267287234],[90.38625,23.772964340536074],[90.38651082041343,23.772916666666667],[90.38708333333334,23.772824348958334],[90.38791666666667,23.772636042262473],[90.38860730593608,23.772083333333335],[90.38875,23.77196233164983],[90.3892573441247,23.771250000000002],[90.38958333333333,23.770936201523547],[90.39040368142884,23.77041666666667],[90.39041666666667,23.770411275066213],[90.39125,23.770179424957718],[90.39208333333333,23.770027758366336],[90.39291666666666,23.7697632602055],[90.39332085672697,23.769583333333333],[90.39375,23.76941360309236],[90.39458333333333,23.76896197099734],[90.39491693836361,23.76875],[90.39541666666666,23.768512418807205],[90.39625,23.768121088743122],[90.39669106881405,23.767916666666668],[90.39708333333333,23.76776330852891],[90.39791666666666,23.767436617405583],[90.39875,23.76708940085489],[90.39876492071976,23.767083333333336],[90.39958333333334,23.766799925967057],[90.40041666666667,23.766568483875034],[90.40125,23.76637792254441],[90.40182525697503,23.766250000000003],[90.40208333333334,23.76619602604263],[90.40291666666667,23.765986820482482],[90.40375,23.765746733099725],[90.40458333333333,23.765549401815182],[90.40541666666667,23.76545557499103],[90.40625,23.765536735076378],[90.40708333333333,23.765731398378694],[90.40791666666667,23.76606908897014],[90.40845545977011,23.766250000000003],[90.40875,23.76639039071511],[90.40958333333333,23.766559023262534],[90.41041666666666,23.766426974143958],[90.41125,23.766259376233716],[90.41133105802048,23.766250000000003],[90.41208333333333,23.766183629428888],[90.41291666666666,23.76614142278954],[90.41375000000001,23.766070860325037],[90.41458333333334,23.765966762832072],[90.41541666666667,23.765899025937255],[90.41625,23.765879227776118],[90.41708333333334,23.76579842931937],[90.41791666666667,23.765646953648382],[90.41875,23.765434854031728],[90.41887162586315,23.765416666666667],[90.41958333333334,23.765293002835953],[90.42041666666667,23.76533454786353],[90.42068672839507,23.765416666666667]]]]}},{"type":"Feature","properties":{"dbm":-113,"color":"rgb(155, 23, 158)","label":"≥ -113 dBm","fill":"#9b179e","fill-opacity":0.35,"stroke":"#9b179e","stroke-width":1,"stroke-opacity":0.8},"geometry":{"type":"MultiPolygon","coordinates":[[[[90.38470588235293,23.84125],[90.38532824222936,23.842083333333335],[90.38458333333332,23.842497763864042],[90.38374999999999,23.842596034696406],[90.38291666666666,23.84212187666135],[90.38267499999999,23.842083333333335],[90.38291666666666,23.842037563131314],[90.38374999999999,23.841493945868947],[90.38452664399092,23.84125],[90.38458333333332,23.841231725146198],[90.38470588235293,23.84125]]],[[[90.40625651769088,23.766250000000003],[90.40708333333333,23.766565430520036],[90.40791666666667,23.767056955435237],[90.40796984326896,23.767083333333336],[90.40875,23.767672158850868],[90.40958333333333,23.767885802469138],[90.41041666666666,23.767667624521074],[90.41125,23.767359384711003],[90.41208333333333,23.767282168186426],[90.41291666666666,23.767681895093062],[90.413100016518,23.767916666666668],[90.41314966714218,23.76875],[90.41330764233405,23.769583333333333],[90.41365389784946,23.77041666666667],[90.41375000000001,23.77058310055866],[90.41429822043628,23.771250000000002],[90.41458333333334,23.771792212518196],[90.41477999016716,23.772083333333335],[90.41529574132493,23.772916666666667],[90.41541666666667,23.772989682539684],[90.4161683006536,23.772916666666667],[90.41625,23.772912585700293],[90.41708333333334,23.772908206429783],[90.41791666666667,23.772737334280304],[90.41875,23.772184476693052],[90.41884575353872,23.772083333333335],[90.41958333333334,23.771438622028143],[90.42013710826211,23.771250000000002],[90.42041666666667,23.771169387964676],[90.42121443089431,23.771250000000002],[90.42125,23.77125311277126],[90.42208333333333,23.77135416666667],[90.42291666666667,23.771289740767916],[90.42300025720165,23.771250000000002],[90.42375,23.770575231481484],[90.42385522273426,23.77041666666667],[90.42419488188976,23.769583333333333],[90.42426520794538,23.76875],[90.42458333333333,23.768107769423562],[90.42477735368956,23.767916666666668],[90.42541666666666,23.767784255599473],[90.42625,23.767746089327982],[90.42708333333334,23.767845436043995],[90.42739000745712,23.767916666666668],[90.42791666666668,23.768117963517174],[90.42875000000001,23.768405072919947],[90.42958333333334,23.768609824780977],[90.43003714208537,23.76875],[90.43041666666667,23.768937859339484],[90.43125,23.769324923997257],[90.43173207098427,23.769583333333333],[90.43208333333334,23.769858720596673],[90.43291666666667,23.77033022130014],[90.43309386391252,23.77041666666667],[90.43375,23.77080599615477],[90.43458333333334,23.77106876594075],[90.4352268373389,23.771250000000002],[90.43541666666667,23.771333218812032],[90.43625,23.771740317264115],[90.43688211845102,23.772083333333335],[90.43708333333333,23.77223071931776],[90.43791666666667,23.772730654761904],[90.43830782312925,23.772916666666667],[90.43875,23.773209143268538],[90.43958333333333,23.773698896413343],[90.43966506217409,23.77375],[90.44041666666666,23.774284060139664],[90.44099565756824,23.774583333333336],[90.44125,23.774736853053753],[90.44208333333334,23.775237747623954],[90.4423787577992,23.77541666666667],[90.44291666666668,23.77580029665588],[90.44367290249434,23.77625],[90.44375000000001,23.776308630798415],[90.44458333333334,23.776935057471267],[90.4447736830456,23.777083333333334],[90.44541666666667,23.777646754590123],[90.44570539419088,23.777916666666666],[90.44625,23.778479971387696],[90.44648814029776,23.778750000000002],[90.44708333333334,23.779482076350096],[90.44716581342435,23.779583333333335],[90.44780056759546,23.780416666666667],[90.44791666666667,23.78055483910587],[90.44864623614335,23.78125],[90.44875,23.781340898825658],[90.44958333333334,23.78200408565793],[90.44968568049491,23.782083333333333],[90.45041666666667,23.782731526298807],[90.45064639639641,23.78291666666667],[90.45125,23.78345903040115],[90.45153184352675,23.78375],[90.45208333333333,23.784157493240635],[90.4525250400641,23.784583333333334],[90.45291666666667,23.78496016448214],[90.45323662523643,23.785416666666666],[90.45374655647383,23.786250000000003],[90.45375,23.78625673296043],[90.4540855196771,23.787083333333335],[90.45450777557974,23.787916666666668],[90.45458333333333,23.78802626335087],[90.45501094942074,23.78875],[90.45541666666668,23.78927982779828],[90.45563842455289,23.789583333333333],[90.45625000000001,23.790261662679427],[90.45638435285986,23.79041666666667],[90.45708333333334,23.79120516569201],[90.45711721166593,23.79125],[90.45765490515585,23.792083333333334],[90.45791666666668,23.79254576321228],[90.45807528409091,23.792916666666667],[90.45837635452874,23.79375],[90.45867191738355,23.794583333333335],[90.45875000000001,23.794805886900818],[90.45891585687721,23.795416666666668],[90.45909989667481,23.79625],[90.4592553459754,23.797083333333333],[90.45947667280541,23.797916666666666],[90.45958333333334,23.79820498859158],[90.45974540463854,23.798750000000002],[90.45998638138423,23.799583333333334],[90.46012016170106,23.800416666666667],[90.46015012621231,23.80125],[90.46014586085425,23.802083333333336],[90.46018765563856,23.80291666666667],[90.46031345067362,23.80375],[90.46041511771996,23.804583333333333],[90.46041666666667,23.804764492753623],[90.46042060160896,23.805416666666666],[90.46041666666667,23.806206140350877],[90.46041638532523,23.806250000000002],[90.46041666666667,23.806251823486505],[90.46050991820042,23.807083333333335],[90.46068764360986,23.807916666666667],[90.46087784112947,23.80875],[90.46100383607063,23.809583333333332],[90.46104351032449,23.81041666666667],[90.46102530747399,23.81125],[90.46098783221262,23.812083333333334],[90.46094540091501,23.812916666666666],[90.46090181832619,23.81375],[90.46082515207516,23.814583333333335],[90.46070085329232,23.815416666666668],[90.46050425170068,23.81625],[90.46041666666667,23.81658320393375],[90.46026713865677,23.817083333333333],[90.46007144088246,23.817916666666665],[90.45994100796271,23.81875],[90.45981981345393,23.819583333333334],[90.45965872869928,23.820416666666667],[90.45958333333334,23.82076062639821],[90.45944811466543,23.82125],[90.45923613984279,23.822083333333335],[90.45903211053341,23.822916666666668],[90.45880447423185,23.82375],[90.45875000000001,23.823930894308944],[90.45851519640115,23.824583333333333],[90.45825892560887,23.825416666666666],[90.45800716084356,23.82625],[90.45791666666668,23.8265318627451],[90.45768944902247,23.827083333333334],[90.45737461294736,23.827916666666667],[90.45708333333334,23.828601795392952],[90.45699613851521,23.82875],[90.45648754274549,23.829583333333332],[90.45625000000001,23.82991972212614],[90.45587780656304,23.830416666666668],[90.45541666666668,23.831156483790522],[90.45536086309524,23.83125],[90.45486829025846,23.832083333333333],[90.45458333333333,23.832632082695252],[90.45441416325292,23.832916666666666],[90.45389795817717,23.83375],[90.45375,23.833979357798164],[90.45330568053994,23.834583333333335],[90.45291666666667,23.835188148536783],[90.45275184998319,23.835416666666667],[90.45219349457882,23.83625],[90.45208333333333,23.83640060813379],[90.45150719669634,23.837083333333332],[90.45125,23.83735042468149],[90.45064474855363,23.83791666666667],[90.45041666666667,23.83812298711755],[90.44975226089925,23.83875],[90.44958333333334,23.838921562256303],[90.44900473484849,23.839583333333334],[90.44875,23.83990485752534],[90.44834924378557,23.840416666666666],[90.44791666666667,23.84090570509565],[90.44759943846515,23.84125],[90.44708333333334,23.841759430331024],[90.44674732470851,23.842083333333335],[90.44625,23.842545554071105],[90.44584974383606,23.842916666666667],[90.44541666666667,23.84330506497236],[90.44485300136427,23.84375],[90.44458333333334,23.843930715548243],[90.44375000000001,23.84434680481896],[90.44323539886041,23.844583333333333],[90.44291666666668,23.844719608380533],[90.44208333333334,23.8451322413259],[90.44167945122622,23.845416666666665],[90.44125,23.845731306905165],[90.44065077259611,23.84625],[90.44041666666666,23.846427500176443],[90.43958333333333,23.84706182933061],[90.43955438023163,23.847083333333334],[90.43875,23.847574786324785],[90.4381464131107,23.847916666666666],[90.43791666666667,23.848031136377642],[90.43708333333333,23.848305853920515],[90.43625,23.848480046948357],[90.43541666666667,23.848725500204164],[90.43535946933588,23.84875],[90.43458333333334,23.848992383645925],[90.43375,23.849336494252874],[90.43302984574112,23.84958333333333],[90.43291666666667,23.849608774310266],[90.43208333333334,23.849828190424176],[90.43125,23.850174196975377],[90.4309156325405,23.850416666666668],[90.43041666666667,23.850689111613026],[90.42958333333334,23.8512290336713],[90.42955060570536,23.85125],[90.42875000000001,23.851569045394378],[90.42791666666668,23.85183785884074],[90.42708333333334,23.852080451821116],[90.42707016850974,23.852083333333333],[90.42625,23.852205346650997],[90.42541666666666,23.85230296404276],[90.42458333333333,23.852395680372002],[90.42375,23.85250904593118],[90.42291666666667,23.852640464933017],[90.42208333333333,23.852871840846994],[90.4219668220151,23.852916666666665],[90.42125,23.853082409688014],[90.42041666666667,23.85336013986014],[90.41958333333334,23.853609098228663],[90.41875,23.85372877244056],[90.41791666666667,23.853637176050043],[90.41708333333334,23.85340885338907],[90.41625,23.853174624706096],[90.41541666666667,23.853099909509705],[90.41458333333334,23.85315115692212],[90.41375000000001,23.853238215488215],[90.41291666666666,23.85319869452691],[90.41208333333333,23.85306095476588],[90.41125,23.852937312312314],[90.41041666666666,23.85298666070973],[90.40958333333333,23.853195948268453],[90.40875,23.853444743286975],[90.40791666666667,23.853638360507247],[90.40708333333333,23.8537280829924],[90.40625,23.85366005813316],[90.40541666666667,23.85340529292159],[90.40458333333333,23.85303178562292],[90.40375,23.852940785907858],[90.40291666666667,23.853050143387314],[90.40208333333334,23.85314712935534],[90.40125,23.853076369104148],[90.40066486893993,23.852916666666665],[90.40041666666667,23.85282241014799],[90.39958333333334,23.852400176678444],[90.39893917624521,23.852083333333333],[90.39875,23.851943806664313],[90.39791666666666,23.85152437610168],[90.39708333333333,23.85128568086102],[90.39696143085531,23.85125],[90.39625,23.85095971950424],[90.39541666666666,23.850642471691437],[90.39487195902689,23.850416666666668],[90.39458333333333,23.850260722933243],[90.39375,23.84992560697695],[90.39291666666666,23.849640444195597],[90.39270202020202,23.84958333333333],[90.39208333333333,23.849351252499737],[90.39125,23.849091370782546],[90.39041666666667,23.84888633866918],[90.39003361992945,23.84875],[90.38958333333333,23.848534204965663],[90.38875,23.848051274995413],[90.3885657564344,23.847916666666666],[90.38791666666667,23.847220088924818],[90.38778673835125,23.847083333333334],[90.38728308694121,23.84625],[90.38708333333334,23.845565852923446],[90.387029587405,23.845416666666665],[90.38700605680869,23.844583333333333],[90.38699217406261,23.84375],[90.3867960820138,23.842916666666667],[90.38637841235632,23.842083333333335],[90.38625,23.841449468085106],[90.38588592233009,23.84125],[90.38614777777778,23.840416666666666],[90.38625,23.840121794871795],[90.38628981797497,23.839583333333334],[90.38627803557618,23.83875],[90.38625,23.83858560090703],[90.38547572178477,23.83791666666667],[90.38541666666667,23.837870512820512],[90.38539308176101,23.83791666666667],[90.38469696969698,23.83875],[90.38458333333332,23.838831888246627],[90.38374999999999,23.839165315315316],[90.38291666666666,23.83902508802817],[90.38208333333333,23.83907210109019],[90.38125,23.83952253218884],[90.38119551282051,23.839583333333334],[90.381063503305,23.840416666666666],[90.38125,23.840867579908675],[90.38149066091954,23.84125],[90.38125,23.841607905982904],[90.38041666666666,23.841478242320818],[90.38011542792792,23.84125],[90.37958333333333,23.840813308687615],[90.37919247115968,23.840416666666666],[90.37875,23.840051378446116],[90.37826967592592,23.839583333333334],[90.37791666666666,23.83920894708129],[90.3774229753521,23.83875],[90.37708333333333,23.838378291586384],[90.37657947774272,23.83791666666667],[90.37625,23.837622180451127],[90.37564649122807,23.837083333333332],[90.37541666666667,23.836888740344623],[90.37502202643172,23.83625],[90.37458333333333,23.835460439378924],[90.37456116131192,23.835416666666667],[90.37408592848904,23.834583333333335],[90.37375,23.834363314447593],[90.37291666666667,23.834051653855113],[90.37234072715142,23.83375],[90.37208333333334,23.83362676993506],[90.37139880952381,23.832916666666666],[90.37125,23.832738708885618],[90.37088546999794,23.832083333333333],[90.3704295154185,23.83125],[90.37041666666667,23.831221248630886],[90.37010460917587,23.830416666666668],[90.3698516051495,23.829583333333332],[90.36967978173463,23.82875],[90.36958333333332,23.82846442743764],[90.3693501930269,23.827916666666667],[90.36874999999999,23.827335203366058],[90.36850075179274,23.827083333333334],[90.36791666666666,23.826574004034292],[90.36769170168067,23.82625],[90.3672690149403,23.825416666666666],[90.36708333333333,23.82491762728146],[90.36698814213031,23.824583333333333],[90.36682169222033,23.82375],[90.36665328919523,23.822916666666668],[90.36647346093133,23.822083333333335],[90.36625,23.821263868789195],[90.36624673314016,23.82125],[90.36614120621162,23.820416666666667],[90.36614859257783,23.819583333333334],[90.36619018336314,23.81875],[90.36603295956506,23.817916666666665],[90.3654999517188,23.817083333333333],[90.36541666666666,23.816983472270465],[90.36499280744012,23.81625],[90.3646228462895,23.815416666666668],[90.36458333333333,23.8152004454343],[90.36444028566511,23.814583333333335],[90.36448115105983,23.81375],[90.36458333333333,23.813378817413906],[90.36469268911439,23.812916666666666],[90.36498402724888,23.812083333333334],[90.36522579015067,23.81125],[90.36522133259709,23.81041666666667],[90.36501057751025,23.809583333333332],[90.3648050252896,23.80875],[90.36471805685723,23.807916666666667],[90.36474501066422,23.807083333333335],[90.36482158962795,23.806250000000002],[90.36494566829847,23.805416666666666],[90.36509400515685,23.804583333333333],[90.36529889292684,23.80375],[90.36541666666666,23.80325523042126],[90.36551390580593,23.80291666666667],[90.36573618307426,23.802083333333336],[90.36585694204152,23.80125],[90.36593344895242,23.800416666666667],[90.36600676861792,23.799583333333334],[90.36616483481167,23.798750000000002],[90.36625,23.798397231096914],[90.3664078349073,23.797916666666666],[90.36667383054522,23.797083333333333],[90.36690385175477,23.79625],[90.36708333333333,23.795690662582256],[90.36722980349344,23.795416666666668],[90.36762114107073,23.794583333333335],[90.36791666666666,23.79383917589176],[90.36797339593114,23.79375],[90.36847710751553,23.792916666666667],[90.36874999999999,23.792451817455564],[90.36903913963329,23.792083333333334],[90.36958333333332,23.79142566287879],[90.36974212463619,23.79125],[90.37041666666667,23.79044918699187],[90.3704427592955,23.79041666666667],[90.3709988781498,23.789583333333333],[90.37125,23.7889451754386],[90.37133979015334,23.78875],[90.37174788135593,23.787916666666668],[90.37208333333334,23.787138174483108],[90.37211426336746,23.787083333333335],[90.3725588620013,23.786250000000003],[90.37286875110404,23.785416666666666],[90.37291666666667,23.785307730923694],[90.37332154882155,23.784583333333334],[90.37375,23.783848209127672],[90.3738196150696,23.78375],[90.3744378152891,23.78291666666667],[90.37458333333333,23.782763151161603],[90.37533902161547,23.782083333333333],[90.37541666666667,23.78202124272198],[90.37625,23.781323354480573],[90.37632845631892,23.78125],[90.37708333333333,23.780494161358813],[90.37715122767857,23.780416666666667],[90.37790665866027,23.779583333333335],[90.37791666666666,23.77957300559993],[90.37875,23.778790019702008],[90.37879962589709,23.778750000000002],[90.37958333333333,23.778178960836673],[90.37998923898071,23.777916666666666],[90.38041666666666,23.777631616718338],[90.38107683533804,23.777083333333334],[90.38125,23.776934332619557],[90.38204268292682,23.77625],[90.38208333333333,23.776222253574115],[90.38291666666666,23.775798767788963],[90.38352251880389,23.77541666666667],[90.38374999999999,23.775295454545457],[90.38458333333332,23.774737417118747],[90.38478877838055,23.774583333333336],[90.38541666666667,23.774180367504837],[90.38625,23.773952150537635],[90.38708333333334,23.774480823612585],[90.38720492662473,23.774583333333336],[90.38791666666667,23.775266706924317],[90.38875,23.77484990619137],[90.38903530789825,23.774583333333336],[90.38944226294358,23.77375],[90.38958333333333,23.773037812041117],[90.38960455246914,23.772916666666667],[90.38986027794441,23.772083333333335],[90.39041666666667,23.77129127526331],[90.39045641447369,23.771250000000002],[90.39125,23.7709178141136],[90.39208333333333,23.7707470603272],[90.39291666666666,23.770508971704626],[90.39319706498952,23.77041666666667],[90.39375,23.770283156162996],[90.39458333333333,23.769861111111112],[90.39487053670437,23.769583333333333],[90.39541666666666,23.76928321145643],[90.3961283959655,23.76875],[90.39625,23.768693640202066],[90.39708333333333,23.76833945178659],[90.39791666666666,23.76794436345967],[90.39797445255475,23.767916666666668],[90.39875,23.76763955299573],[90.39958333333334,23.767337462939434],[90.40028165735568,23.767083333333336],[90.40041666666667,23.767046800201562],[90.40125,23.76687385710554],[90.40208333333334,23.766714866735896],[90.40291666666667,23.766533503119327],[90.40375,23.76631806690004],[90.40411515388628,23.766250000000003],[90.40458333333333,23.766175948844886],[90.40541666666667,23.766136750986725],[90.40625,23.766248360041235],[90.40625651769088,23.766250000000003]],[[90.38041666666666,23.81524662369552],[90.37958333333333,23.81508806883807],[90.37875,23.815211810384795],[90.37833392184557,23.815416666666668],[90.37791666666666,23.81581941604181],[90.37750622698722,23.81625],[90.3779106133979,23.817083333333333],[90.37791666666666,23.81708535027565],[90.37875,23.817228558144624],[90.37958333333333,23.81715891069482],[90.3798602033406,23.817083333333333],[90.38041666666666,23.816824814439947],[90.3809955827387,23.81625],[90.38069868662187,23.815416666666668],[90.38041666666666,23.81524662369552]],[[90.39625,23.772764336917565],[90.39592656012177,23.772916666666667],[90.39625,23.773126232741618],[90.3964053362573,23.772916666666667],[90.39625,23.772764336917565]]],[[[90.42102784245246,23.766250000000003],[90.42125,23.76640706447188],[90.42208333333333,23.767051167854316],[90.4221472091195,23.767083333333336],[90.42208333333333,23.767180930930934],[90.42127794214333,23.767916666666668],[90.42125,23.76792508917955],[90.42041666666667,23.768166483315],[90.41958333333334,23.768340347923683],[90.41875,23.768433608899777],[90.41791666666667,23.768397189176582],[90.41708333333334,23.76817545304778],[90.41666219839142,23.767916666666668],[90.41630470204842,23.767083333333336],[90.41708333333334,23.766762931034485],[90.41791666666667,23.766438155770786],[90.41830088586732,23.766250000000003],[90.41875,23.766147681404302],[90.41958333333334,23.7660448269156],[90.42041666666667,23.766094213649854],[90.42102784245246,23.766250000000003]]]]}},{"type":"Feature","properties":{"dbm":-109,"color":"rgb(181, 46, 140)","label":"≥ -109 dBm","fill":"#b52e8c","fill-opacity":0.35,"stroke":"#b52e8c","stroke-width":1,"stroke-opacity":0.8},"geometry":{"type":"MultiPolygon","coordinates":[[[[90.41394906511928,23.852083333333333],[90.41375000000001,23.852154704114657],[90.41314460784314,23.852083333333333],[90.41375000000001,23.85187113402062],[90.41394906511928,23.852083333333333]]],[[[90.41940506872852,23.85125],[90.41958333333334,23.851350532945737],[90.42013015184382,23.852083333333333],[90.41958333333334,23.85231166968599],[90.41875,23.852610344239945],[90.41791666666667,23.852550432276658],[90.41708333333334,23.85219177613574],[90.41688736399604,23.852083333333333],[90.41708333333334,23.851324233716475],[90.41714484126985,23.85125],[90.41791666666667,23.851091405740377],[90.41875,23.85112733268983],[90.41940506872852,23.85125]]],[[[90.42984331232493,23.84958333333333],[90.42958333333334,23.849793079096045],[90.42914376742334,23.850416666666668],[90.42875000000001,23.850600380899294],[90.42791666666668,23.85090426322044],[90.42708333333334,23.85105216284987],[90.42625,23.850560853769302],[90.42616465053764,23.850416666666668],[90.42625,23.850326055936073],[90.42708333333334,23.849857190860217],[90.42784931077695,23.84958333333333],[90.42791666666668,23.84956717763751],[90.42875000000001,23.84938524590164],[90.42958333333334,23.84930586696562],[90.42984331232493,23.84958333333333]]],[[[90.43370242782153,23.847916666666666],[90.43291666666667,23.848235489882853],[90.43208333333334,23.848220144356954],[90.43174225663716,23.847916666666666],[90.43208333333334,23.8477634194831],[90.43291666666667,23.8475167000668],[90.43370242782153,23.847916666666666]]],[[[90.3821685340803,23.834583333333335],[90.38251044932079,23.835416666666667],[90.38227044025157,23.83625],[90.38208333333333,23.836354166666666],[90.38180160984848,23.83625],[90.3813986599665,23.835416666666667],[90.38159274193548,23.834583333333335],[90.38208333333333,23.83450432900433],[90.3821685340803,23.834583333333335]]],[[[90.42166292974589,23.772916666666667],[90.42208333333333,23.773069353963084],[90.42291666666667,23.773495827843654],[90.42328623882503,23.77375],[90.42375,23.77457062146893],[90.42376315789474,23.774583333333336],[90.42375,23.774693627450983],[90.42291666666667,23.775410628019326],[90.42208333333333,23.775157529930688],[90.42125,23.774688128772638],[90.4211439239647,23.774583333333336],[90.4206149691358,23.77375],[90.42095674097665,23.772916666666667],[90.42125,23.772844782721833],[90.42166292974589,23.772916666666667]]],[[[90.40455072463769,23.767083333333336],[90.40458333333333,23.76708619811561],[90.40541666666667,23.76729927315754],[90.40625,23.767713974854935],[90.40661010882016,23.767916666666668],[90.40708333333333,23.768347678664583],[90.4074112457483,23.76875],[90.40791666666667,23.769291325136614],[90.40818965517242,23.769583333333333],[90.4087077294686,23.77041666666667],[90.40875,23.770459280303033],[90.40958333333333,23.770901666666667],[90.41041666666666,23.771029795821462],[90.41125,23.771018970189704],[90.41150693188668,23.771250000000002],[90.41208333333333,23.771641584766584],[90.41239958956318,23.772083333333335],[90.41279780401906,23.772916666666667],[90.41291666666666,23.773580729166667],[90.4129416154896,23.77375],[90.41304537743851,23.774583333333336],[90.41334763346792,23.77541666666667],[90.41375000000001,23.775838924199626],[90.41458333333334,23.77592261904762],[90.41541666666667,23.775703556439144],[90.41593081947744,23.77541666666667],[90.41625,23.775166433891993],[90.41708333333334,23.774791446673706],[90.41791666666667,23.774784930715935],[90.41875,23.77525280214425],[90.41898109965636,23.77541666666667],[90.41958333333334,23.77583936324168],[90.42008289319249,23.77625],[90.42041666666667,23.776619558154646],[90.42099837000815,23.777083333333334],[90.42125,23.777272866789442],[90.42208333333333,23.77765400410678],[90.42291666666667,23.77769975786925],[90.42375,23.777264731750222],[90.42388777555111,23.777083333333334],[90.42419363538296,23.77625],[90.42458333333333,23.775549903100778],[90.4246875,23.77541666666667],[90.42541666666666,23.775100885826774],[90.4262408568443,23.774583333333336],[90.42625,23.774578674121408],[90.42708333333334,23.774002543604652],[90.42749604117182,23.77375],[90.42791666666668,23.773467119275825],[90.42875000000001,23.773183309892172],[90.42958333333334,23.773173495645292],[90.43041666666667,23.773182762201454],[90.43125,23.773058468382587],[90.43164561170214,23.772916666666667],[90.43208333333334,23.772674632352942],[90.43291666666667,23.77222184531886],[90.43375,23.772165965544872],[90.43458333333334,23.77244960806271],[90.43531893004115,23.772916666666667],[90.43541666666667,23.773039814814815],[90.43594753599115,23.77375],[90.43625,23.77429191468254],[90.43646286231885,23.774583333333336],[90.43664313110182,23.77541666666667],[90.43663310961969,23.77625],[90.43650726392252,23.777083333333334],[90.43673936631944,23.777916666666666],[90.43708333333333,23.77842467948718],[90.43759595959597,23.778750000000002],[90.43791666666667,23.778937647754137],[90.438578125,23.778750000000002],[90.43875,23.778673184357544],[90.43932870370371,23.777916666666666],[90.43958333333333,23.77766203703704],[90.44041666666666,23.777134971509973],[90.44125,23.777184908789387],[90.44202821869489,23.777916666666666],[90.44208333333334,23.77800067204301],[90.44263313609468,23.778750000000002],[90.44291666666668,23.77921977124183],[90.44340460526317,23.779583333333335],[90.44375000000001,23.77972296099291],[90.44458333333334,23.779699074074074],[90.44512403100775,23.780416666666667],[90.44541666666667,23.780644625603866],[90.44574557086615,23.78125],[90.44625,23.781661316211878],[90.4466513994911,23.782083333333333],[90.44708333333334,23.7823590805718],[90.4478311546841,23.78291666666667],[90.44791666666667,23.78297581374322],[90.44870149709747,23.78375],[90.44875,23.78379458017411],[90.44958333333334,23.784504724666014],[90.44973061660562,23.784583333333334],[90.45041666666667,23.78486646510456],[90.45125,23.784997355430185],[90.45208333333333,23.78533609940288],[90.45216828703704,23.785416666666666],[90.45291666666667,23.7862035144081],[90.4529419633397,23.786250000000003],[90.45324590851868,23.787083333333335],[90.45361027794442,23.787916666666668],[90.45375,23.78814501633987],[90.45406451749916,23.78875],[90.45458333333333,23.78940292922814],[90.45470110971524,23.789583333333333],[90.45541666666668,23.79039509105305],[90.4554350539811,23.79041666666667],[90.45623566834452,23.79125],[90.45625000000001,23.791260915867944],[90.45694722824125,23.792083333333334],[90.45708333333334,23.7922458495041],[90.4573998067338,23.792916666666667],[90.45780814473854,23.79375],[90.45791666666668,23.79398576388889],[90.45808339145935,23.794583333333335],[90.45831719996416,23.795416666666668],[90.45854166666668,23.79625],[90.45874064171123,23.797083333333333],[90.45875000000001,23.79711690110827],[90.45889397252917,23.797916666666666],[90.45912779765182,23.798750000000002],[90.45945179063361,23.799583333333334],[90.45958333333334,23.80007277572776],[90.45963672969188,23.800416666666667],[90.45964569217485,23.80125],[90.45958856230736,23.802083333333336],[90.45958333333334,23.80215158045977],[90.4594394921664,23.80291666666667],[90.45940671113807,23.80375],[90.45941324068713,23.804583333333333],[90.45948446673191,23.805416666666666],[90.45955444796859,23.806250000000002],[90.45958333333334,23.806365072202166],[90.45971341396971,23.807083333333335],[90.45994473654456,23.807916666666667],[90.4602177584751,23.80875],[90.46041666666667,23.809572729540918],[90.46041830518931,23.809583333333332],[90.46045402499612,23.81041666666667],[90.46042662015138,23.81125],[90.46041666666667,23.811429843304843],[90.46035420070807,23.812083333333334],[90.46028319405757,23.812916666666666],[90.46023066315658,23.81375],[90.46015458605291,23.814583333333335],[90.4600342395222,23.815416666666668],[90.45985416109178,23.81625],[90.45967956901889,23.817083333333333],[90.45958333333334,23.817673067804648],[90.4595200480414,23.817916666666665],[90.45935686918446,23.81875],[90.4592028175313,23.819583333333334],[90.45902363676342,23.820416666666667],[90.4588613622315,23.82125],[90.45875000000001,23.82185505877414],[90.45868284549834,23.822083333333335],[90.45842312998161,23.822916666666668],[90.4581808244184,23.82375],[90.45795973228002,23.824583333333333],[90.45791666666668,23.824745523415977],[90.45764758670201,23.825416666666666],[90.45734265734266,23.82625],[90.45708333333334,23.827056861038585],[90.45706843050793,23.827083333333334],[90.45663028213967,23.827916666666667],[90.45625000000001,23.828721299297676],[90.45623013647412,23.82875],[90.45568379949147,23.829583333333332],[90.45541666666668,23.829995562406577],[90.45515288506554,23.830416666666668],[90.45473307291667,23.83125],[90.45458333333333,23.831545666013714],[90.45426847337731,23.832083333333333],[90.4538380936125,23.832916666666666],[90.45375,23.833065430438126],[90.45324048913044,23.83375],[90.45291666666667,23.83423775671406],[90.45263234077751,23.834583333333335],[90.45211329044736,23.835416666666667],[90.45208333333333,23.83546330845771],[90.45146913012368,23.83625],[90.45125,23.836523577080143],[90.45072179070328,23.837083333333332],[90.45041666666667,23.83736244216788],[90.44977287268075,23.83791666666667],[90.44958333333334,23.838090644820294],[90.44897657263294,23.83875],[90.44875,23.839026076649546],[90.4483284767882,23.839583333333334],[90.44791666666667,23.840162289915966],[90.44772688087775,23.840416666666666],[90.44708333333334,23.841135978743285],[90.4469769532527,23.84125],[90.44625,23.84194167962675],[90.44610126823427,23.842083333333335],[90.44541666666667,23.84270187862693],[90.44516703818016,23.842916666666667],[90.44458333333334,23.84335377075843],[90.44395613143632,23.84375],[90.44375000000001,23.84384960387612],[90.44291666666668,23.844142816021055],[90.44208333333334,23.844518103337197],[90.4419616678683,23.844583333333333],[90.44125,23.844954417293234],[90.44070593657817,23.845416666666665],[90.44041666666666,23.84564882220644],[90.43981356133476,23.84625],[90.43958333333333,23.846415112416963],[90.43875,23.847015903530234],[90.43864825070324,23.847083333333334],[90.43791666666667,23.84743369537762],[90.43708333333333,23.847678472911838],[90.43625,23.847681280945537],[90.43541666666667,23.847426536064113],[90.43477215719064,23.847083333333334],[90.43492007575757,23.84625],[90.43505383290267,23.845416666666665],[90.43488095238095,23.844583333333333],[90.43458333333334,23.844367880695444],[90.43375,23.844277111872145],[90.43291666666667,23.844293394777267],[90.43208333333334,23.844390953453452],[90.43143459915612,23.844583333333333],[90.43125,23.844692653673164],[90.43056208452042,23.845416666666665],[90.43041666666667,23.84567123857024],[90.42964562569215,23.84625],[90.42958333333334,23.84628390596745],[90.42943089430895,23.84625],[90.42875000000001,23.84612481315396],[90.42791666666668,23.845737715298885],[90.42708333333334,23.84552114994934],[90.42625,23.845705439814814],[90.42541666666666,23.846185540429044],[90.42531434184676,23.84625],[90.42458333333333,23.846913250148543],[90.42436843093094,23.847083333333334],[90.42375,23.847650654269973],[90.42291666666667,23.84776616719243],[90.42208333333333,23.847614781634938],[90.42125,23.847590415291528],[90.42041666666667,23.84769921241603],[90.41958333333334,23.847883649858108],[90.41939090330789,23.847916666666666],[90.41875,23.848045141545523],[90.41791666666667,23.84817132994186],[90.41708333333334,23.848351005080627],[90.41625,23.848635978043912],[90.41570904356061,23.84875],[90.41541666666667,23.848841644404867],[90.41486036036036,23.84875],[90.41458333333334,23.84872171633554],[90.41375000000001,23.84829615170106],[90.41291666666666,23.84794038895152],[90.41208333333333,23.84793072455752],[90.41125,23.848396486643438],[90.41081795599716,23.84875],[90.4104279123414,23.84958333333333],[90.41041666666666,23.84963287601626],[90.41026553008035,23.850416666666668],[90.41020804398148,23.85125],[90.4097480867347,23.852083333333333],[90.40958333333333,23.85218168358714],[90.40875,23.8526785987456],[90.40807804404145,23.852916666666665],[90.40791666666667,23.852950520833332],[90.40708333333333,23.852988383985974],[90.40668813741277,23.852916666666665],[90.40625,23.852754808645646],[90.40551513671875,23.852083333333333],[90.40541666666667,23.851703308207703],[90.40519029694688,23.85125],[90.40458333333333,23.85080414746544],[90.40375,23.851068337809608],[90.40357803672316,23.85125],[90.40291666666667,23.851944939151082],[90.40278291738382,23.852083333333333],[90.40208333333334,23.85238374599655],[90.40125,23.852399244975004],[90.40041666666667,23.852153475158563],[90.40026430348259,23.852083333333333],[90.39958333333334,23.851506643979906],[90.3991815702689,23.85125],[90.39875,23.850835162155573],[90.39791666666666,23.850459909679618],[90.39773318872017,23.850416666666668],[90.39708333333333,23.850119165839125],[90.39625,23.84974149129644],[90.3956351010101,23.84958333333333],[90.39541666666666,23.849396103896105],[90.39458333333333,23.849054812423123],[90.39375,23.848912163391557],[90.3931582005312,23.84875],[90.39291666666666,23.848623960498962],[90.39208333333333,23.848312398232146],[90.39125,23.84812667168171],[90.39041666666667,23.84797781513713],[90.39024199623353,23.847916666666666],[90.38958333333333,23.84750846171802],[90.3891223740825,23.847083333333334],[90.3887870619946,23.84625],[90.38889418710264,23.845416666666665],[90.38913187929955,23.844583333333333],[90.38932285821174,23.84375],[90.38933005136987,23.842916666666667],[90.38875,23.84247385620915],[90.38848254252461,23.842083333333335],[90.38791666666667,23.841311558811558],[90.38788848518725,23.84125],[90.38763155770783,23.840416666666666],[90.38760646869245,23.839583333333334],[90.38760213345438,23.83875],[90.38750443672839,23.83791666666667],[90.3872745215311,23.837083333333332],[90.38708333333334,23.836358136721113],[90.38704850964348,23.83625],[90.38689133382643,23.835416666666667],[90.38690770042194,23.834583333333335],[90.38708333333334,23.833790476190476],[90.38709591474245,23.83375],[90.38708333333334,23.833041666666666],[90.38625,23.832975027144407],[90.38617107195302,23.832916666666666],[90.38541666666667,23.832688940602836],[90.38458333333332,23.83217779323134],[90.38446643717728,23.832083333333333],[90.38374999999999,23.831642857142857],[90.38291666666666,23.831535827186514],[90.38208333333333,23.83180099351176],[90.38151028806584,23.832083333333333],[90.38125,23.83252440725244],[90.38084298584299,23.832083333333333],[90.38041666666666,23.83147329650092],[90.38038375407166,23.83125],[90.38002947800742,23.830416666666668],[90.37958333333333,23.82996766666667],[90.37875,23.829644058885386],[90.37791666666666,23.830042457805906],[90.37758801185844,23.830416666666668],[90.37721307544757,23.83125],[90.37709131384409,23.832083333333333],[90.37789934354485,23.832916666666666],[90.37791666666666,23.8329385359116],[90.3783982240437,23.83375],[90.37831323099415,23.834583333333335],[90.37791666666666,23.835033914728683],[90.37717098166127,23.835416666666667],[90.37708333333333,23.83544438758103],[90.37698339483394,23.835416666666667],[90.37625,23.835065518256773],[90.37602611430134,23.834583333333335],[90.3759152166496,23.83375],[90.37560317460317,23.832916666666666],[90.37541666666667,23.832832905617337],[90.37458333333333,23.832695067717808],[90.37375,23.832882532956685],[90.37362199858757,23.832916666666666],[90.37291666666667,23.833055324170484],[90.37248374512353,23.832916666666666],[90.37208333333334,23.832772645774867],[90.3715313670412,23.832083333333333],[90.37125,23.83168521462639],[90.37104900881057,23.83125],[90.3707378288479,23.830416666666668],[90.37049481020166,23.829583333333332],[90.37041666666667,23.828863387978142],[90.37040673463527,23.82875],[90.3702946350044,23.827916666666667],[90.36989505597015,23.827083333333334],[90.36958333333332,23.8267804632427],[90.36874999999999,23.82641681985294],[90.36855245973008,23.82625],[90.36791666666666,23.82562562348582],[90.36781185216955,23.825416666666666],[90.36755047482244,23.824583333333333],[90.36735976117745,23.82375],[90.3671364162806,23.822916666666668],[90.36708333333333,23.822730999228394],[90.36697291831096,23.822083333333335],[90.366822750418,23.82125],[90.36678236268286,23.820416666666667],[90.36696985878723,23.819583333333334],[90.36708333333333,23.819257413087936],[90.36791666666666,23.81903699270406],[90.36874999999999,23.81937094873306],[90.36958333333332,23.819521577816833],[90.37041666666667,23.81923540036123],[90.37114498644986,23.81875],[90.37125,23.818643543956043],[90.37208333333334,23.81812249705536],[90.37291666666667,23.818018713251924],[90.37375,23.818035289452816],[90.37458333333333,23.81806211419753],[90.37541666666667,23.818016899288452],[90.37625,23.81802064896755],[90.37708333333333,23.818065798987707],[90.37791666666666,23.818085214379554],[90.37875,23.818054673441303],[90.37955181426814,23.817916666666665],[90.37958333333333,23.817911586876797],[90.38041666666666,23.817692075926484],[90.38125,23.817287301587303],[90.38159102972399,23.817083333333333],[90.38208333333333,23.816455456268617],[90.38223830678105,23.81625],[90.38215770609318,23.815416666666668],[90.38208333333333,23.815333799254528],[90.38125,23.814632105009633],[90.38114854709418,23.814583333333335],[90.38041666666666,23.814338555630027],[90.37958333333333,23.814243275316457],[90.37875,23.814345726636027],[90.37820908071748,23.814583333333335],[90.37791666666666,23.814723165356206],[90.37708333333333,23.81530192797381],[90.37692411240114,23.815416666666668],[90.37625,23.81603520148217],[90.37586094798658,23.81625],[90.37541666666667,23.816709309048857],[90.37458333333333,23.81685577722361],[90.37375,23.816630280440187],[90.37308005003126,23.81625],[90.37291666666667,23.816148028883685],[90.37208333333334,23.816041165865386],[90.37125,23.81609485368315],[90.37041666666667,23.81610810435748],[90.36958333333332,23.816138425253992],[90.369344219803,23.81625],[90.36874999999999,23.816518883415437],[90.36800456939281,23.817083333333333],[90.36791666666666,23.81717332699017],[90.36708333333333,23.8175968153573],[90.36625,23.81711111111111],[90.3662332222866,23.817083333333333],[90.36555496044825,23.81625],[90.36541666666666,23.816054572271387],[90.36513795617962,23.815416666666668],[90.36499411316572,23.814583333333335],[90.36504539106144,23.81375],[90.36527646448339,23.812916666666666],[90.36541666666666,23.812563637243517],[90.36572118924889,23.812083333333334],[90.36614373270066,23.81125],[90.36617278192371,23.81041666666667],[90.3658315685444,23.809583333333332],[90.3654300570395,23.80875],[90.36541666666666,23.808694588370756],[90.36531113323962,23.807916666666667],[90.36532344987812,23.807083333333335],[90.36539233370912,23.806250000000002],[90.36541666666666,23.8060778841042],[90.36555122795629,23.805416666666666],[90.36572492514969,23.804583333333333],[90.36594242015295,23.80375],[90.3661305318717,23.80291666666667],[90.36625,23.80236501687289],[90.36637672908232,23.802083333333336],[90.366585724365,23.80125],[90.36669141914192,23.800416666666667],[90.36675090988956,23.799583333333334],[90.36690035273368,23.798750000000002],[90.36707185641832,23.797916666666666],[90.36708333333333,23.797871794871796],[90.36750595565329,23.797083333333333],[90.36786898743873,23.79625],[90.36791666666666,23.796134336677817],[90.36874999999999,23.795426255230126],[90.36958333333332,23.795675954592365],[90.37004098360656,23.795416666666668],[90.3700688559322,23.794583333333335],[90.36993785014005,23.79375],[90.37020070838253,23.792916666666667],[90.37041666666667,23.79258409090909],[90.370678220956,23.792083333333334],[90.37125,23.791298348544114],[90.37128080011074,23.79125],[90.3718320673712,23.79041666666667],[90.37208333333334,23.789847180638724],[90.37221437422552,23.789583333333333],[90.3725337911489,23.78875],[90.37289439344852,23.787916666666668],[90.37291666666667,23.787866967871487],[90.37339038601603,23.787083333333335],[90.37375,23.78627523186034],[90.37377083333332,23.786250000000003],[90.37437873357229,23.785416666666666],[90.37458333333333,23.784838119369372],[90.37481049196786,23.784583333333334],[90.37521246458924,23.78375],[90.37541666666667,23.783444562146894],[90.37579610829103,23.78291666666667],[90.37625,23.782565737833597],[90.37682170542635,23.782083333333333],[90.37708333333333,23.781856335754643],[90.37760576031525,23.78125],[90.37791666666666,23.780845399698343],[90.3782470362622,23.780416666666667],[90.37875,23.779872737556563],[90.37908691834943,23.779583333333335],[90.37958333333333,23.779243335337743],[90.38041666666666,23.778862719298246],[90.38068707912458,23.778750000000002],[90.38125,23.778533154993514],[90.38208333333333,23.77816620879121],[90.38249621212121,23.777916666666666],[90.38291666666666,23.77762145390071],[90.38350459039548,23.777916666666666],[90.38374999999999,23.77812881562882],[90.38431527777777,23.778750000000002],[90.38458333333332,23.778917884481558],[90.38541666666667,23.779079928664075],[90.38579019823788,23.778750000000002],[90.38625,23.77818733153639],[90.38638406764575,23.777916666666666],[90.38708333333334,23.777344887190687],[90.38748131229235,23.777083333333334],[90.38791666666667,23.776923428920075],[90.38875,23.776505223171892],[90.38927265655387,23.77625],[90.38958333333333,23.776088145896658],[90.39041666666667,23.775828519855597],[90.39125,23.775964912280703],[90.3920367063492,23.77625],[90.39208333333333,23.77626658199266],[90.39291666666666,23.776458153580673],[90.39375,23.776693888303477],[90.3942318557149,23.777083333333334],[90.39458333333333,23.777697418375094],[90.39466421568628,23.777916666666666],[90.39491687276724,23.778750000000002],[90.39541666666666,23.77941694169417],[90.39578920361248,23.779583333333335],[90.39625,23.77969651139343],[90.39708333333333,23.77959713413202],[90.39710997732426,23.779583333333335],[90.3978590425532,23.778750000000002],[90.39791666666666,23.778572668650796],[90.39809528633171,23.777916666666666],[90.3982912212504,23.777083333333334],[90.39848420413122,23.77625],[90.39871513002365,23.77541666666667],[90.39875,23.775334448160535],[90.39917696451204,23.774583333333336],[90.39958333333334,23.77417850378788],[90.40041666666667,23.773920803782506],[90.40125,23.773964391066162],[90.40208333333334,23.774049391069013],[90.40291666666667,23.77416370633511],[90.40375,23.77453703703704],[90.40378683693517,23.774583333333336],[90.40433367416496,23.77541666666667],[90.40458333333333,23.775629726585226],[90.40530867346939,23.77625],[90.40541666666667,23.77629160115304],[90.40625,23.776562819529655],[90.40708333333333,23.776490950226247],[90.40741908364859,23.77625],[90.4075964677946,23.77541666666667],[90.40735788113695,23.774583333333336],[90.40714459968952,23.77375],[90.40708333333333,23.773492063492064],[90.40687893864013,23.772916666666667],[90.40654837570621,23.772083333333335],[90.40625,23.771742607526882],[90.40541666666667,23.771623184250767],[90.40458333333333,23.771942241915426],[90.40377016129032,23.772083333333335],[90.40375,23.772090239410684],[90.40372431506849,23.772083333333335],[90.40291666666667,23.7719912109375],[90.40208333333334,23.771723366159357],[90.40125,23.77146801748113],[90.40041666666667,23.77136227933541],[90.39958333333334,23.771626955034215],[90.39875,23.77162426445137],[90.39791666666666,23.771361525379383],[90.397748321485,23.771250000000002],[90.39708333333333,23.770835181079086],[90.39654404761905,23.77041666666667],[90.39656612455875,23.769583333333333],[90.39708333333333,23.769212737127372],[90.39773855205935,23.76875],[90.39791666666666,23.768682337220604],[90.39875,23.768411838129026],[90.39958333333334,23.768064776733258],[90.39987442263279,23.767916666666668],[90.40041666666667,23.76777728307114],[90.40125,23.767570856952318],[90.40208333333334,23.76735645141895],[90.40291666666667,23.767170643153527],[90.40349632690541,23.767083333333336],[90.40375,23.767056471217426],[90.40455072463769,23.767083333333336]],[[90.39708333333333,23.8444678552134],[90.39625,23.844396122376377],[90.39541666666666,23.84445336747362],[90.39458333333333,23.84456701940035],[90.39453125,23.844583333333333],[90.39383139187575,23.845416666666665],[90.3940382639959,23.84625],[90.3945323275862,23.847083333333334],[90.39458333333333,23.847147644927535],[90.39537827715355,23.847916666666666],[90.39541666666666,23.847970219435737],[90.39625,23.848192140600315],[90.39646769662922,23.847916666666666],[90.39708333333333,23.84723461272476],[90.39715291030534,23.847083333333334],[90.3974465284633,23.84625],[90.39754901960784,23.845416666666665],[90.39724980529596,23.844583333333333],[90.39708333333333,23.8444678552134]],[[90.42041666666667,23.839328767123288],[90.42028779472955,23.839583333333334],[90.42041666666667,23.839840009208103],[90.42063427010149,23.839583333333334],[90.42041666666667,23.839328767123288]],[[90.39458333333333,23.835324136384028],[90.39375,23.835391666666666],[90.39372225848564,23.835416666666667],[90.39369078380706,23.83625],[90.39375,23.836292754975123],[90.39380392156863,23.83625],[90.39458333333333,23.835559895833335],[90.39464322009292,23.835416666666667],[90.39458333333333,23.835324136384028]],[[90.38374999999999,23.82702737520129],[90.38291666666666,23.826741996233523],[90.38208333333333,23.82671029668412],[90.38167148362236,23.827083333333334],[90.38184778420039,23.827916666666667],[90.38208333333333,23.828285778985506],[90.38246017156862,23.82875],[90.38291666666666,23.829091492482583],[90.38374999999999,23.829315784923928],[90.38458333333332,23.828831005044627],[90.3846709697733,23.82875],[90.38470416666667,23.827916666666667],[90.38458333333332,23.82776707932141],[90.38383696196196,23.827083333333334],[90.38374999999999,23.82702737520129]],[[90.40125,23.784541532905298],[90.40041666666667,23.784515816174277],[90.40029034059185,23.784583333333334],[90.40002245196324,23.785416666666666],[90.40041666666667,23.78579251294305],[90.40125,23.786044278996865],[90.40204923486361,23.785416666666666],[90.40140593812376,23.784583333333334],[90.40125,23.784541532905298]],[[90.43958333333333,23.781613149847097],[90.43875,23.781334161147903],[90.43824157303371,23.782083333333333],[90.43810552959502,23.78291666666667],[90.4382478233831,23.78375],[90.43838932606941,23.784583333333334],[90.43831283244681,23.785416666666666],[90.43794386942676,23.786250000000003],[90.43797619047619,23.787083333333335],[90.43875,23.787704480065763],[90.43958333333333,23.7875914756735],[90.44024567610063,23.787083333333335],[90.44041666666666,23.78694532571912],[90.44125,23.786521097046414],[90.44208333333334,23.78631662766511],[90.44228384194054,23.786250000000003],[90.44291666666668,23.785517436594205],[90.44295037878788,23.785416666666666],[90.44291666666668,23.785343234323435],[90.44248500187477,23.784583333333334],[90.44208333333334,23.784125534188036],[90.44166065416066,23.78375],[90.44125,23.783318813131313],[90.44077177177178,23.78291666666667],[90.44041666666666,23.78247967479675],[90.4399686716792,23.782083333333333],[90.43958333333333,23.781613149847097]],[[90.38208333333333,23.78101430348259],[90.38125,23.78100576588338],[90.38084593232541,23.78125],[90.38041666666666,23.781476883561645],[90.37972583441699,23.782083333333333],[90.37958333333333,23.782365764604812],[90.3792994687915,23.78291666666667],[90.37958333333333,23.78349281221923],[90.37967369002526,23.78375],[90.38030360664976,23.784583333333334],[90.38041666666666,23.784747443762782],[90.38082369402984,23.785416666666666],[90.38100833333333,23.786250000000003],[90.38114761613691,23.787083333333335],[90.38125,23.787517271157167],[90.3817027027027,23.787083333333335],[90.38208333333333,23.786977124183007],[90.38265861177406,23.786250000000003],[90.38291666666666,23.785875216637784],[90.38310104529617,23.785416666666666],[90.38324294378353,23.784583333333334],[90.38324129727022,23.78375],[90.3831952811245,23.78291666666667],[90.38302831622957,23.782083333333333],[90.38291666666666,23.78182565789474],[90.38243270648968,23.78125],[90.38208333333333,23.78101430348259]]]]}},{"type":"Feature","properties":{"dbm":-105,"color":"rgb(203, 71, 119)","label":"≥ -105 dBm","fill":"#cb4777","fill-opacity":0.35,"stroke":"#cb4777","stroke-width":1,"stroke-opacity":0.8},"geometry":{"type":"MultiPolygon","coordinates":[[[[90.40840389185978,23.850416666666668],[90.4081712962963,23.85125],[90.40791666666667,23.8514738372093],[90.40735380116959,23.85125],[90.40741879174256,23.850416666666668],[90.40791666666667,23.849703002610966],[90.40840389185978,23.850416666666668]]],[[[90.43885022909508,23.845416666666665],[90.43875,23.84558723196881],[90.43839135021098,23.84625],[90.43791666666667,23.846485232618924],[90.43708333333333,23.846481253420908],[90.43684802283487,23.84625],[90.43698636874649,23.845416666666665],[90.43708333333333,23.84529043175997],[90.43791666666667,23.84503193567779],[90.43875,23.84532124681934],[90.43885022909508,23.845416666666665]]],[[[90.36943669527896,23.82125],[90.36951733954452,23.822083333333335],[90.36918424317618,23.822916666666668],[90.36893395879322,23.82375],[90.36874999999999,23.824518049155145],[90.36854943842759,23.82375],[90.36819267515924,23.822916666666668],[90.36791666666666,23.822417146974065],[90.36787042581503,23.822083333333335],[90.36782734905323,23.82125],[90.36791666666666,23.821022001823987],[90.36874999999999,23.82096351835273],[90.36943669527896,23.82125]]],[[[90.42975274725275,23.777083333333334],[90.43011392606756,23.777916666666666],[90.43011489479512,23.778750000000002],[90.42990174985657,23.779583333333335],[90.42962154614932,23.780416666666667],[90.42958333333334,23.78057254196643],[90.42940699126093,23.78125],[90.42943096008631,23.782083333333333],[90.42958333333334,23.78274184149184],[90.429639387145,23.78291666666667],[90.4303882868937,23.78375],[90.43041666666667,23.783768745739607],[90.43125,23.783870573870576],[90.43208333333334,23.7838328892836],[90.43291666666667,23.783961049037867],[90.43375,23.78438500347947],[90.43394874476988,23.784583333333334],[90.43457432432433,23.785416666666666],[90.43458333333334,23.785426808654496],[90.43514777468707,23.786250000000003],[90.43541666666667,23.786574384787475],[90.43572841726619,23.787083333333335],[90.43625,23.78781884057971],[90.43631103074141,23.787916666666668],[90.43708333333333,23.788744347545222],[90.43709057971014,23.78875],[90.43791666666667,23.789328764142734],[90.4386231884058,23.789583333333333],[90.43875,23.78966360856269],[90.43958333333333,23.79008054287164],[90.44017222222223,23.79041666666667],[90.44041666666666,23.79072427293065],[90.44088855421687,23.79125],[90.44125,23.791813380281692],[90.4414866255144,23.792083333333334],[90.44208333333334,23.792842495637],[90.44215598290599,23.792916666666667],[90.44208333333334,23.793310185185184],[90.44197261072262,23.79375],[90.44154057017545,23.794583333333335],[90.44161651234569,23.795416666666668],[90.44208333333334,23.795792910447762],[90.44291666666668,23.796196633825947],[90.44374563699826,23.795416666666668],[90.44375000000001,23.79540404040404],[90.44392250530785,23.794583333333335],[90.44446794871796,23.79375],[90.44458333333334,23.7935625],[90.44470996732026,23.792916666666667],[90.44475319197447,23.792083333333334],[90.44468345111896,23.79125],[90.44458333333334,23.790741017964073],[90.44449089874858,23.79041666666667],[90.44409223706177,23.789583333333333],[90.44382789535568,23.78875],[90.44416932059448,23.787916666666668],[90.44458333333334,23.78745403321471],[90.44476544289044,23.787083333333335],[90.44502872450298,23.786250000000003],[90.44509620949074,23.785416666666666],[90.44516937669377,23.784583333333334],[90.44541666666667,23.784267042172157],[90.44625,23.784157206317868],[90.44708333333334,23.784439276485788],[90.44729213483147,23.784583333333334],[90.44791666666667,23.785004100428967],[90.4483947368421,23.785416666666666],[90.44875,23.785741185897436],[90.44944627192983,23.786250000000003],[90.44958333333334,23.786463675213675],[90.45013174483107,23.787083333333335],[90.44994765494138,23.787916666666668],[90.44958333333334,23.78824275362319],[90.4492561250806,23.78875],[90.44886562323745,23.789583333333333],[90.4488272797527,23.79041666666667],[90.44909716679969,23.79125],[90.44958333333334,23.79190998555435],[90.44975630630631,23.792083333333334],[90.45041666666667,23.792731088723933],[90.45062725631769,23.792916666666667],[90.45125,23.79361504723347],[90.45139992503749,23.79375],[90.45208333333333,23.794526547416243],[90.45221354166667,23.794583333333335],[90.45291666666667,23.79482592093441],[90.45375,23.794689781021898],[90.45403135048232,23.794583333333335],[90.45458333333333,23.794332358674463],[90.45541666666668,23.793967457420926],[90.45608992467044,23.79375],[90.45625000000001,23.793706410256412],[90.45628524046435,23.79375],[90.45692480359148,23.794583333333335],[90.45708333333334,23.794753309265946],[90.45730066035877,23.795416666666668],[90.45755309325946,23.79625],[90.4577449258392,23.797083333333333],[90.45791666666668,23.797819119286512],[90.4579292276773,23.797916666666666],[90.45809815231664,23.798750000000002],[90.4584269514768,23.799583333333334],[90.45874292285917,23.800416666666667],[90.45856056025796,23.80125],[90.4579812965139,23.802083333333336],[90.45791666666668,23.80217530657748],[90.45725890207716,23.80291666666667],[90.45748205010695,23.80375],[90.45777747780178,23.804583333333333],[90.45791666666668,23.804916092943202],[90.45810015772871,23.805416666666666],[90.45824033490672,23.806250000000002],[90.4583514828545,23.807083333333335],[90.45853554979851,23.807916666666667],[90.45875000000001,23.808245149911816],[90.45891408713099,23.80875],[90.459186827957,23.809583333333332],[90.45922131147542,23.81041666666667],[90.4589679672447,23.81125],[90.45875000000001,23.8118707133059],[90.4582455406912,23.81125],[90.45791666666668,23.81092331118494],[90.45748949579833,23.81041666666667],[90.45708333333334,23.810007062146894],[90.45636904761905,23.809583333333332],[90.45625000000001,23.809466510903427],[90.45541666666668,23.809147509578544],[90.45503172588833,23.809583333333332],[90.45458333333333,23.8098036159601],[90.4540102952603,23.81041666666667],[90.45375,23.810675754060327],[90.45303468208093,23.81125],[90.45291666666667,23.81137962962963],[90.45208333333333,23.811638321995467],[90.45125,23.811833333333333],[90.45073795180723,23.812083333333334],[90.45125,23.812267316017316],[90.45179744525548,23.812916666666666],[90.45208333333333,23.813189605110338],[90.4526618705036,23.81375],[90.45291666666667,23.814092190016105],[90.45375,23.814012345679014],[90.45458333333333,23.81377757352941],[90.4548717948718,23.81375],[90.45541666666668,23.813727967858995],[90.45625000000001,23.813652694610777],[90.45708333333334,23.81349681712963],[90.45791666666668,23.813292942176872],[90.45875000000001,23.813345808383232],[90.4588141025641,23.81375],[90.45892450682854,23.814583333333335],[90.45889724711908,23.815416666666668],[90.45877826355768,23.81625],[90.45875000000001,23.816418243953734],[90.45851495726497,23.817083333333333],[90.45838077557757,23.817916666666665],[90.45828260373918,23.81875],[90.45814116055323,23.819583333333334],[90.45796689378058,23.820416666666667],[90.45791666666668,23.820707953394123],[90.45771355353075,23.82125],[90.45751130067076,23.822083333333335],[90.4573394068724,23.822916666666668],[90.45716658299867,23.82375],[90.45708333333334,23.824087746096403],[90.4568263815558,23.824583333333333],[90.45642852437418,23.825416666666666],[90.45625000000001,23.825804030874785],[90.45541666666668,23.826238123515438],[90.45458333333333,23.82576086956522],[90.45419184981685,23.825416666666666],[90.45375,23.824800446998722],[90.45354761904763,23.824583333333333],[90.453125,23.82375],[90.45324115044248,23.822916666666668],[90.45291666666667,23.82234375],[90.45208333333333,23.82280982905983],[90.45125,23.82257398753894],[90.45096467391305,23.822083333333335],[90.45041666666667,23.82161214953271],[90.44958333333334,23.821448643410854],[90.44923231511254,23.822083333333335],[90.4493221830986,23.822916666666668],[90.44936683006536,23.82375],[90.44931910569106,23.824583333333333],[90.44922687861272,23.825416666666666],[90.44958333333334,23.82621753246753],[90.44959029712165,23.82625],[90.44979831560285,23.827083333333334],[90.45002777777778,23.827916666666667],[90.45041666666667,23.82854640151515],[90.45119565217392,23.82875],[90.45125,23.82875728862974],[90.45130813953489,23.82875],[90.45208333333333,23.828695355191257],[90.45291666666667,23.828682979261508],[90.45319444444445,23.82875],[90.45375,23.828938343994313],[90.45410756501182,23.829583333333332],[90.45399296536797,23.830416666666668],[90.4537845351568,23.83125],[90.45375,23.83133608815427],[90.45330974842767,23.832083333333333],[90.45291666666667,23.832821428571428],[90.45282397107898,23.832916666666666],[90.45210696373458,23.83375],[90.45208333333333,23.83378325190011],[90.45125,23.83446231617647],[90.450827991453,23.834583333333335],[90.45041666666667,23.83487767584098],[90.45006410256411,23.834583333333335],[90.44958333333334,23.83434811827957],[90.44875,23.834196696696697],[90.44791666666667,23.834522884283246],[90.4478665951359,23.834583333333335],[90.44717510361161,23.835416666666667],[90.44708333333334,23.835933333333333],[90.4470404826342,23.83625],[90.44708333333334,23.836412393162394],[90.44737537202381,23.837083333333332],[90.4478655334439,23.83791666666667],[90.44772530864198,23.83875],[90.44734172482553,23.839583333333334],[90.44708333333334,23.840016722408027],[90.44682917109458,23.840416666666666],[90.44625,23.841066636851522],[90.44607811626608,23.84125],[90.44541666666667,23.8418593374528],[90.44516108499805,23.842083333333335],[90.44458333333334,23.842535440613027],[90.44403421633554,23.842916666666667],[90.44375000000001,23.84306244338768],[90.44291666666668,23.843267137960584],[90.44208333333334,23.843212285902503],[90.44176875219068,23.842916666666667],[90.44162928863709,23.842083333333335],[90.44125,23.841340881084413],[90.44118227731865,23.84125],[90.44041666666666,23.84055607573866],[90.44021690518784,23.840416666666666],[90.43958821376282,23.839583333333334],[90.43959157395962,23.83875],[90.43958535353536,23.83791666666667],[90.43958333333333,23.837897509578543],[90.4394559352518,23.837083333333332],[90.43883654797231,23.83625],[90.43875,23.836156216505895],[90.43791666666667,23.835909498207887],[90.43708333333333,23.83589919816724],[90.43625,23.836058443142996],[90.43541666666667,23.836206197985106],[90.43520161290323,23.83625],[90.43458333333334,23.836359398782346],[90.43375,23.83642888888889],[90.43291666666667,23.836401397515527],[90.43241148531952,23.83625],[90.43208333333334,23.836166556873078],[90.43125,23.835884941329855],[90.43041666666667,23.835597474747473],[90.42958333333334,23.835542849631967],[90.42875000000001,23.835807050742922],[90.42791666666668,23.836160430839],[90.42768485915494,23.83625],[90.42708333333334,23.83648321956769],[90.42625,23.836605608322028],[90.42541666666666,23.83660421958792],[90.42458333333333,23.836457175925926],[90.42375,23.836545454545455],[90.42308768656717,23.837083333333332],[90.42291666666667,23.83720458553792],[90.42208333333333,23.837145657418578],[90.42190455594003,23.837083333333332],[90.42125,23.836834756898817],[90.42041666666667,23.83636316872428],[90.42026911468813,23.83625],[90.42000831820931,23.835416666666667],[90.41958333333334,23.835107331571994],[90.41875,23.8350135501355],[90.41791666666667,23.83528789923527],[90.41773352527191,23.835416666666667],[90.41754079574625,23.83625],[90.41791666666667,23.836766893595563],[90.41826939291737,23.837083333333332],[90.41864647577093,23.83791666666667],[90.41856330830204,23.83875],[90.41835569817192,23.839583333333334],[90.41802141527002,23.840416666666666],[90.41791666666667,23.84060534591195],[90.41738994518671,23.84125],[90.41708333333334,23.84160643170052],[90.41647853535353,23.842083333333335],[90.41625,23.842529585798818],[90.41604620976116,23.842916666666667],[90.4160465768799,23.84375],[90.41625,23.844072222222223],[90.41708333333334,23.844539627039627],[90.41791666666667,23.844576932923708],[90.41875,23.844473606168446],[90.41958333333334,23.844222756410257],[90.42003858024691,23.84375],[90.42041666666667,23.843515774378584],[90.42106404958678,23.842916666666667],[90.42125,23.842781734132934],[90.42189789058878,23.842083333333335],[90.42208333333333,23.8418706804891],[90.42258162612036,23.84125],[90.42291666666667,23.840751587301586],[90.42331358164033,23.840416666666666],[90.42375,23.840041989664083],[90.42458333333333,23.84021734775641],[90.42541666666666,23.840332956259427],[90.42625,23.840347051597053],[90.42708333333334,23.84025807381776],[90.42791666666668,23.84022996794872],[90.42875000000001,23.840325925925924],[90.42898069679849,23.840416666666666],[90.42958333333334,23.841113834422657],[90.42966239721696,23.84125],[90.42958333333334,23.841416666666667],[90.42933420528152,23.842083333333335],[90.42875000000001,23.842673716012083],[90.4282174392936,23.842916666666667],[90.42791666666668,23.842991303752395],[90.42708333333334,23.843116957999513],[90.42625,23.84324974476774],[90.42541666666666,23.843533921933087],[90.42491558908046,23.84375],[90.42458333333333,23.843910089996537],[90.42375,23.844338177145115],[90.42291666666667,23.844522025431427],[90.42219086021505,23.844583333333333],[90.42208333333333,23.844590815563038],[90.42125,23.844603057199212],[90.42041666666667,23.84481329113924],[90.41971153846154,23.845416666666665],[90.41958333333334,23.84548937360179],[90.41875,23.845824314574315],[90.41797266139658,23.84625],[90.41791666666667,23.846263008876644],[90.41708333333334,23.846467318622533],[90.41625,23.846855769230768],[90.4157583102493,23.847083333333334],[90.41541666666667,23.847180446194226],[90.41458333333334,23.847130376344086],[90.41445474281898,23.847083333333334],[90.41375000000001,23.846846361185985],[90.41291666666666,23.84680309390547],[90.41208333333333,23.84691983549083],[90.41155153508772,23.847083333333334],[90.41125,23.847182069510268],[90.41041666666666,23.847503527336862],[90.40959818308875,23.847916666666666],[90.40958333333333,23.847931438998955],[90.40875,23.848431451612903],[90.40791666666667,23.84852558604917],[90.40708333333333,23.84804454926625],[90.40625,23.84802264957265],[90.40541666666667,23.848216396487672],[90.40458333333333,23.848625160051217],[90.40375,23.848562464749012],[90.40304320987654,23.847916666666666],[90.40291666666667,23.847773410202656],[90.40208333333334,23.847377450980392],[90.40125,23.847322090866946],[90.40041666666667,23.847322463768116],[90.4001316925734,23.847083333333334],[90.40040264797508,23.84625],[90.40041666666667,23.846233624454147],[90.40125,23.84576224328594],[90.40208333333334,23.845747469269703],[90.40291666666667,23.845941697191698],[90.40375,23.845952288091524],[90.40451127124908,23.845416666666665],[90.40458333333333,23.84531906906907],[90.40483907446068,23.844583333333333],[90.40492043551089,23.84375],[90.40491766467066,23.842916666666667],[90.40532599309154,23.842083333333335],[90.40541666666667,23.842019696969697],[90.40625,23.841820489844682],[90.40708333333333,23.841687336814623],[90.4078771721959,23.84125],[90.40791666666667,23.84122612225406],[90.40870248029671,23.840416666666666],[90.40875,23.84034255242227],[90.40907021957914,23.839583333333334],[90.40909923339012,23.83875],[90.40887388250319,23.83791666666667],[90.40875,23.83741303219107],[90.40858842239186,23.837083333333332],[90.40830342902711,23.83625],[90.40808591231463,23.835416666666667],[90.40791666666667,23.835036231884057],[90.40747696817421,23.835416666666667],[90.40708333333333,23.835701515151516],[90.40666201117318,23.83625],[90.40625,23.83685950413223],[90.40603590250329,23.837083333333332],[90.40553506375228,23.83791666666667],[90.40541666666667,23.838145943562612],[90.40480614973262,23.83875],[90.40458333333333,23.838999500998003],[90.40375,23.838760416666666],[90.40370726495726,23.83875],[90.40291666666667,23.838640661938534],[90.40255392156863,23.83875],[90.40208333333334,23.83882285974499],[90.40125,23.83894894125683],[90.40041666666667,23.839075308641974],[90.39958333333334,23.839223845108695],[90.39875,23.8395192805383],[90.39859285714286,23.839583333333334],[90.39791666666666,23.839952356202357],[90.39715573537762,23.840416666666666],[90.39708333333333,23.840473484848484],[90.39625,23.840929226069246],[90.39578676470587,23.84125],[90.39541666666666,23.841564583333334],[90.39458333333333,23.841700138504155],[90.39401713124273,23.84125],[90.39426034975018,23.840416666666666],[90.39458333333333,23.839654882154882],[90.39461026615969,23.839583333333334],[90.39483757062146,23.83875],[90.39510658914729,23.83791666666667],[90.39541666666666,23.837312437059417],[90.39553917609047,23.837083333333332],[90.39608426849543,23.83625],[90.39625,23.835691526610645],[90.39632075896881,23.835416666666667],[90.39625,23.83518632629108],[90.39605539772727,23.834583333333335],[90.39541666666666,23.83404750556085],[90.39466101694916,23.83375],[90.39458333333333,23.833726199307616],[90.39375,23.833677504393673],[90.3931887755102,23.83375],[90.39291666666666,23.83380294506949],[90.39208333333333,23.8342177672956],[90.3915943743428,23.834583333333335],[90.3912996124031,23.835416666666667],[90.39125,23.83565058479532],[90.39111884197057,23.83625],[90.39084266169154,23.837083333333332],[90.39041666666667,23.837688189845476],[90.39000497215592,23.83791666666667],[90.38958333333333,23.83821866096866],[90.38922786720322,23.83791666666667],[90.38875,23.837443559096947],[90.38864000405515,23.837083333333332],[90.38852855867916,23.83625],[90.38869819307556,23.835416666666667],[90.38875,23.83533323158323],[90.38945270785659,23.834583333333335],[90.38958333333333,23.834418352601155],[90.3901747655584,23.83375],[90.39041666666667,23.833145633652823],[90.39051096491228,23.832916666666666],[90.39056028886725,23.832083333333333],[90.39045457924472,23.83125],[90.39041666666667,23.83113324175824],[90.39004510921177,23.830416666666668],[90.38958333333333,23.82973707197764],[90.38933641975308,23.829583333333332],[90.38875,23.829210385438973],[90.38791666666667,23.829024725274724],[90.38778645833334,23.82875],[90.38750187969924,23.827916666666667],[90.38708333333334,23.827189947780678],[90.38702785326088,23.827083333333334],[90.3866654589372,23.82625],[90.38662783375315,23.825416666666666],[90.38650493752519,23.824583333333333],[90.38625,23.82408490937746],[90.38600532527346,23.82375],[90.38541666666667,23.823343762415575],[90.38458333333332,23.82301787016776],[90.38389303482587,23.822916666666668],[90.38374999999999,23.82289704878881],[90.38362136465324,23.822916666666668],[90.38291666666666,23.82302547495682],[90.38208333333333,23.82338145329752],[90.38147073412698,23.82375],[90.38125,23.823885464231356],[90.38041666666666,23.824424503218584],[90.38017961570593,23.824583333333333],[90.37958333333333,23.82504892367906],[90.37911058700209,23.825416666666666],[90.37875,23.825779077117573],[90.37832233065441,23.82625],[90.37791666666666,23.827011494252872],[90.3778849809886,23.827083333333334],[90.37767993326977,23.827916666666667],[90.37731680440771,23.82875],[90.37708333333333,23.829050531914895],[90.37676735015772,23.829583333333332],[90.37625,23.830302001168565],[90.37610249906051,23.830416666666668],[90.37541666666667,23.83086168007803],[90.37458333333333,23.830964342001575],[90.37375,23.831020447530864],[90.37310606060606,23.83125],[90.37291666666667,23.831317593665506],[90.37270061728395,23.83125],[90.37208333333334,23.83090776865161],[90.37189821981424,23.830416666666668],[90.37161828682868,23.829583333333332],[90.37141967801713,23.82875],[90.37129512957998,23.827916666666667],[90.37125,23.827461711711713],[90.37121690307329,23.827083333333334],[90.37124885452462,23.82625],[90.37125,23.82624692496925],[90.37150773195876,23.825416666666666],[90.3719617688513,23.824583333333333],[90.37208333333334,23.824368513906187],[90.37243708452041,23.82375],[90.37268861454046,23.822916666666668],[90.3725709668353,23.822083333333335],[90.37208333333334,23.821634316770187],[90.371473727422,23.82125],[90.3716003649635,23.820416666666667],[90.37208333333334,23.819953314659198],[90.37291666666667,23.819734224965707],[90.37375,23.820051907968576],[90.37458333333333,23.820311234817815],[90.37541666666667,23.820180993557138],[90.37625,23.819663580246914],[90.37635416666666,23.819583333333334],[90.37708333333333,23.819285447063226],[90.37791666666666,23.819084570957095],[90.37875,23.818913711867115],[90.37929232804233,23.81875],[90.37958333333333,23.818693363196374],[90.38041666666666,23.818502377828796],[90.38125,23.818288093226307],[90.38208333333333,23.818207981373185],[90.38291666666666,23.818461727666275],[90.38330118110235,23.81875],[90.38374999999999,23.819045643153526],[90.38458333333332,23.81907765399738],[90.38541666666667,23.818770226537218],[90.38548280423281,23.81875],[90.38579780361756,23.817916666666665],[90.38553155339805,23.817083333333333],[90.38541666666667,23.816834733893558],[90.38519716088328,23.81625],[90.38503716216216,23.815416666666668],[90.38489336246359,23.814583333333335],[90.38458333333332,23.81393831168831],[90.3843234767025,23.81375],[90.38374999999999,23.813546178343948],[90.38291666666666,23.81362667754806],[90.38208333333333,23.813654143475574],[90.38125,23.813490466101694],[90.38041666666666,23.813333780880775],[90.37958333333333,23.813306341240878],[90.37875,23.81341416744767],[90.37803972580112,23.81375],[90.37791666666666,23.81379569991412],[90.37708333333333,23.814334415584415],[90.37676965763733,23.814583333333335],[90.37625,23.814945866141734],[90.37541666666667,23.815314561734212],[90.37458333333333,23.815189151747656],[90.3739160798122,23.814583333333335],[90.37375,23.8142571461503],[90.37339539007093,23.81375],[90.37291666666667,23.813357142857143],[90.37208333333334,23.813441772748703],[90.37136413641363,23.81375],[90.37125,23.813806141774894],[90.37041666666667,23.814174311926607],[90.36958333333332,23.814381994404478],[90.36915606446141,23.814583333333335],[90.36874999999999,23.814807624736474],[90.36809541792547,23.815416666666668],[90.36791666666666,23.81556403071814],[90.36708333333333,23.816193928847643],[90.36625,23.816025862068965],[90.36583573833573,23.815416666666668],[90.36560024600246,23.814583333333335],[90.36570511669659,23.81375],[90.36610137059452,23.812916666666666],[90.36625,23.812686639118457],[90.36689147627416,23.812083333333334],[90.36708333333333,23.811825052576236],[90.36749228827819,23.81125],[90.36765860873113,23.81041666666667],[90.36746549421193,23.809583333333332],[90.36708333333333,23.80906059683313],[90.36682471264368,23.80875],[90.36627343113284,23.807916666666667],[90.36625,23.807750000000002],[90.36622095959595,23.807083333333335],[90.36625,23.806582244008716],[90.36629300620417,23.806250000000002],[90.3665077202543,23.805416666666666],[90.36672757985258,23.804583333333333],[90.36705582899054,23.80375],[90.36708333333333,23.803680555555555],[90.36791666666666,23.803146802325582],[90.36874999999999,23.80292670682731],[90.36876543209877,23.80291666666667],[90.36958333333332,23.80239773716275],[90.36991324200913,23.802083333333336],[90.37041666666667,23.801519683026587],[90.37072568834212,23.80125],[90.37125,23.800671834625323],[90.37152260179434,23.800416666666667],[90.3720162835249,23.799583333333334],[90.37208333333334,23.799083333333336],[90.37213144329897,23.798750000000002],[90.37219223484848,23.797916666666666],[90.37238636363637,23.797083333333333],[90.37281774193548,23.79625],[90.37291666666667,23.79605785296575],[90.37349547511312,23.795416666666668],[90.37375,23.79502331002331],[90.37414078674948,23.794583333333335],[90.37412704130644,23.79375],[90.37375,23.792947341513294],[90.37374019607843,23.792916666666667],[90.37359358569927,23.792083333333334],[90.37375,23.79153240740741],[90.37390641025641,23.79125],[90.37457567049807,23.79041666666667],[90.37458333333333,23.790404545454546],[90.3745986238532,23.79041666666667],[90.37541666666667,23.791031609195404],[90.37551365492598,23.79125],[90.37616427432216,23.792083333333334],[90.37625,23.792191591137968],[90.3770775862069,23.792916666666667],[90.37708333333333,23.792921656686627],[90.37791666666666,23.79325205761317],[90.37875,23.79302030456853],[90.37890408805032,23.792916666666667],[90.37958333333333,23.792354166666666],[90.38003472222222,23.792083333333334],[90.38041666666666,23.791933673469387],[90.38125,23.791796218487395],[90.38208333333333,23.791530847145488],[90.3823186728395,23.79125],[90.38261259716506,23.79041666666667],[90.38289081508516,23.789583333333333],[90.38291666666666,23.789505280073463],[90.38313374241224,23.78875],[90.38352526132404,23.787916666666668],[90.38374999999999,23.787531821797934],[90.38407122507122,23.787083333333335],[90.38458333333332,23.786334375000003],[90.38466605392156,23.786250000000003],[90.38539704524469,23.785416666666666],[90.38541666666667,23.785392199194014],[90.38625,23.785126949009694],[90.38708333333334,23.78501171728534],[90.38791666666667,23.784882911392405],[90.38875,23.78474407783418],[90.38957608695652,23.784583333333334],[90.38958333333333,23.784581868775632],[90.39041666666667,23.784510517799355],[90.39108618233618,23.78375],[90.39125,23.7835838150289],[90.39174218194741,23.78291666666667],[90.39208333333333,23.78268578643579],[90.39271021021021,23.782083333333333],[90.39291666666666,23.781939052116126],[90.39375,23.781410619803477],[90.39417670682731,23.78125],[90.39458333333333,23.781138613861387],[90.39541666666666,23.78114792713568],[90.39625,23.781193511008112],[90.39664959016393,23.78125],[90.39708333333333,23.78134993704753],[90.39791666666666,23.781633290267013],[90.39855115361263,23.782083333333333],[90.3985119047619,23.78291666666667],[90.39798883161512,23.78375],[90.39791666666666,23.78385043041607],[90.39726675148431,23.784583333333334],[90.39712805410122,23.785416666666666],[90.39791666666666,23.78622],[90.39794384057971,23.786250000000003],[90.39875,23.786718750000002],[90.39943132108486,23.787083333333335],[90.39958333333334,23.78717674731183],[90.40041666666667,23.787879322268328],[90.40047603342128,23.787916666666668],[90.40111156058971,23.78875],[90.40125,23.78893412242946],[90.40192739520958,23.789583333333333],[90.40208333333334,23.789682634254845],[90.40278716216216,23.789583333333333],[90.40279310818232,23.78875],[90.40265655105974,23.787916666666668],[90.40291666666667,23.78723312236287],[90.40295595396194,23.787083333333335],[90.4034956633849,23.786250000000003],[90.40375,23.7859766313933],[90.40447135670237,23.785416666666666],[90.40458333333333,23.785271097046415],[90.40515346274921,23.784583333333334],[90.4047619047619,23.78375],[90.40458333333333,23.783652575957728],[90.40375,23.78330721538762],[90.40291666666667,23.783117469879517],[90.40217427616926,23.78291666666667],[90.40208333333334,23.782884615384617],[90.40125,23.782491319444446],[90.40062132156233,23.782083333333333],[90.40041666666667,23.781662541254125],[90.40014842632331,23.78125],[90.40020618556701,23.780416666666667],[90.40041359729895,23.779583333333335],[90.40041666666667,23.779578865058088],[90.40125,23.779209028831563],[90.40208333333334,23.77902376033058],[90.40273443898444,23.778750000000002],[90.40291666666667,23.778676857330705],[90.40375,23.778240811638593],[90.40458333333333,23.7779797979798],[90.40541666666667,23.77793301544051],[90.40625,23.77801320132013],[90.40708333333333,23.778065933128627],[90.40791666666667,23.77805194134655],[90.40875,23.777978593272174],[90.40958333333333,23.777928944137507],[90.41041666666666,23.778222049689443],[90.41097587719298,23.778750000000002],[90.41070664414414,23.779583333333335],[90.41062042842215,23.780416666666667],[90.41106481481482,23.78125],[90.41125,23.78136752136752],[90.41175925925926,23.78125],[90.41193778538813,23.780416666666667],[90.41167324561404,23.779583333333335],[90.41137437810946,23.778750000000002],[90.41208333333333,23.777978896103896],[90.412146799117,23.777916666666666],[90.41291666666666,23.7776533597584],[90.41375000000001,23.777486681887368],[90.41458333333334,23.777417295597484],[90.41541666666667,23.777516068759343],[90.41625,23.77780230708035],[90.41651041666667,23.777916666666666],[90.41708333333334,23.77829861111111],[90.41753718882818,23.778750000000002],[90.41791666666667,23.779260620915032],[90.41809059885513,23.779583333333335],[90.41853070175439,23.780416666666667],[90.41875,23.78086111111111],[90.41896477663231,23.78125],[90.41958333333334,23.781941927512356],[90.41974745060548,23.782083333333333],[90.42041666666667,23.782458869814022],[90.4210487654321,23.78291666666667],[90.42125,23.78320628997868],[90.42162172011662,23.78375],[90.42138279445727,23.784583333333334],[90.42125,23.78479868913858],[90.42105322003577,23.785416666666666],[90.42096259214983,23.786250000000003],[90.42124885609701,23.787083333333335],[90.42125,23.78708483348335],[90.42208333333333,23.78755865695793],[90.42291666666667,23.787312500000002],[90.42333211500974,23.787083333333335],[90.42375,23.78656738868833],[90.42395026575551,23.786250000000003],[90.42378706998814,23.785416666666666],[90.42375,23.78531454248366],[90.4234578028077,23.784583333333334],[90.42323222705839,23.78375],[90.42339042467948,23.78291666666667],[90.42375,23.782194041867957],[90.42381202074876,23.782083333333333],[90.4245776450512,23.78125],[90.42458333333333,23.781244301994303],[90.42541666666666,23.78056049822064],[90.42558062880325,23.780416666666667],[90.42598993668024,23.779583333333335],[90.42616182572614,23.778750000000002],[90.42625,23.778539603960397],[90.42654027297193,23.777916666666666],[90.42708333333334,23.77719893292683],[90.42724164926932,23.777083333333334],[90.42791666666668,23.77670338817078],[90.42875000000001,23.776648301193756],[90.42958333333334,23.776961221122114],[90.42975274725275,23.777083333333334]],[[90.43791666666667,23.825115478119937],[90.43708333333333,23.82476244918699],[90.43625,23.825292527040315],[90.4361502764613,23.825416666666666],[90.4361626778784,23.82625],[90.43625,23.826356466876973],[90.43694194194194,23.827083333333334],[90.43708333333333,23.827627649325628],[90.43716158059468,23.827916666666667],[90.43746763754045,23.82875],[90.43782385924207,23.829583333333332],[90.43791666666667,23.829647435897435],[90.43850490196078,23.829583333333332],[90.43875,23.82953373015873],[90.43952679449362,23.82875],[90.43958333333333,23.82866809116809],[90.44002182044888,23.827916666666667],[90.43985752688172,23.827083333333334],[90.43958333333333,23.826741967871484],[90.43924115456238,23.82625],[90.43875,23.82589261517615],[90.43828538359789,23.825416666666666],[90.43791666666667,23.825115478119937]],[[90.38875,23.8169654515778],[90.38791666666667,23.8170346185738],[90.3878108108108,23.817083333333333],[90.38708333333334,23.817695075757577],[90.38678516819571,23.817916666666665],[90.38644066403681,23.81875],[90.3866389943074,23.819583333333334],[90.38708333333334,23.82010140117994],[90.38791666666667,23.820406103286384],[90.38875,23.820300925925928],[90.38944493177388,23.819583333333334],[90.38958333333333,23.819163711583926],[90.38965928819444,23.81875],[90.38958333333333,23.81827380952381],[90.3894855679702,23.817916666666665],[90.3889052053486,23.817083333333333],[90.38875,23.8169654515778]],[[90.44375000000001,23.806906720224433],[90.44291666666668,23.80691447007139],[90.4426610556941,23.807083333333335],[90.44208333333334,23.807900499706054],[90.44207857637087,23.807916666666667],[90.44179942166141,23.80875],[90.44161911911912,23.809583333333332],[90.44137690925427,23.81041666666667],[90.44146719374773,23.81125],[90.44208333333334,23.811875],[90.44240472127417,23.812083333333334],[90.44291666666668,23.812299627493392],[90.44375000000001,23.812468131999047],[90.44458333333334,23.812509765625002],[90.44541666666667,23.812468525179856],[90.44625,23.81237059765208],[90.44708333333334,23.8122162004662],[90.44772959183673,23.812083333333334],[90.44782338308458,23.81125],[90.44708333333334,23.810784428794992],[90.44676490514905,23.81041666666667],[90.44625,23.80993777567738],[90.4460055410691,23.809583333333332],[90.44579430379747,23.80875],[90.44541666666667,23.807971061792863],[90.44539301929626,23.807916666666667],[90.44458333333334,23.80710142857143],[90.44452984234235,23.807083333333335],[90.44375000000001,23.806906720224433]],[[90.45375,23.802659370199695],[90.45291666666667,23.80283810325477],[90.45283536585366,23.80291666666667],[90.45291666666667,23.803623737373737],[90.45375,23.803185096153847],[90.45398658192092,23.80291666666667],[90.45375,23.802659370199695]],[[90.37875,23.799188095238097],[90.37834433040078,23.799583333333334],[90.37875,23.799864498644986],[90.37896957671957,23.799583333333334],[90.37875,23.799188095238097]],[[90.43541666666667,23.791763100436683],[90.43508333333334,23.792083333333334],[90.4350975177305,23.792916666666667],[90.43541666666667,23.793184523809526],[90.43619791666667,23.792916666666667],[90.43620519713262,23.792083333333334],[90.43541666666667,23.791763100436683]],[[90.41375000000001,23.784378654970762],[90.4135587431694,23.784583333333334],[90.41375000000001,23.78482264957265],[90.41388220018887,23.784583333333334],[90.41375000000001,23.784378654970762]]],[[[90.41148470661673,23.77375],[90.41174724418883,23.774583333333336],[90.41174683635317,23.77541666666667],[90.41153132992328,23.77625],[90.41125,23.776993243243243],[90.41041666666666,23.776834615384615],[90.41013350720318,23.77625],[90.40964084201389,23.77541666666667],[90.40958333333333,23.77532503457815],[90.4092544464888,23.774583333333336],[90.40919394522892,23.77375],[90.40958333333333,23.77331038647343],[90.41041666666666,23.77316312056738],[90.41125,23.773413805436338],[90.41148470661673,23.77375]]],[[[90.40323768689534,23.76875],[90.40375,23.769572740112995],[90.40375285388127,23.769583333333333],[90.40375,23.769587727006446],[90.40291666666667,23.769837626596214],[90.40251310272537,23.769583333333333],[90.40246268656716,23.76875],[90.40291666666667,23.768631416504224],[90.40323768689534,23.76875]]]]}},{"type":"Feature","properties":{"dbm":-101,"color":"rgb(221, 95, 101)","label":"≥ -101 dBm","fill":"#dd5f65","fill-opacity":0.35,"stroke":"#dd5f65","stroke-width":1,"stroke-opacity":0.8},"geometry":{"type":"MultiPolygon","coordinates":[[[[90.37802898550724,23.822916666666668],[90.37791666666666,23.82295616717635],[90.37731992337164,23.82375],[90.37708333333333,23.824086328976033],[90.37686324167872,23.824583333333333],[90.37647056502524,23.825416666666666],[90.37625,23.82590909090909],[90.37609524952015,23.82625],[90.37577200245323,23.827083333333334],[90.37541666666667,23.8278604963112],[90.37532776008493,23.827916666666667],[90.37458333333333,23.82820418204182],[90.37375,23.82800419490158],[90.37352784602784,23.827916666666667],[90.37291666666667,23.827580518018017],[90.37263645595328,23.827083333333334],[90.37264313597917,23.82625],[90.37291666666667,23.825624379960317],[90.37304472477064,23.825416666666666],[90.37370506852858,23.824583333333333],[90.37375,23.824522239803095],[90.37458333333333,23.82375397366031],[90.37458975770924,23.82375],[90.37541666666667,23.823190511674117],[90.37621906841339,23.822916666666668],[90.37625,23.82290595057993],[90.37708333333333,23.822778153153152],[90.37791666666666,23.82260162601626],[90.37802898550724,23.822916666666668]]],[[[90.38164451261076,23.820416666666667],[90.38151683501684,23.82125],[90.38125,23.82144626052501],[90.38041666666666,23.821968723221936],[90.38023167358229,23.822083333333335],[90.37958333333333,23.82237003058104],[90.37875,23.822588932806326],[90.37803538175046,23.822083333333335],[90.37864022662889,23.82125],[90.37875,23.82115751789976],[90.37958333333333,23.82042405437352],[90.37959116541353,23.820416666666667],[90.38041666666666,23.8201056421152],[90.38125,23.82010450377562],[90.38164451261076,23.820416666666667]]],[[[90.38029491341992,23.80291666666667],[90.38041666666666,23.803157051282053],[90.38066986009733,23.80375],[90.38125,23.80435211489899],[90.38156143707482,23.804583333333333],[90.38208333333333,23.805192212301588],[90.38216280295048,23.805416666666666],[90.3821836549217,23.806250000000002],[90.38208333333333,23.806772197962154],[90.3820080162086,23.807083333333335],[90.38165780961182,23.807916666666667],[90.3813081300813,23.80875],[90.38125,23.80885398487493],[90.38083333333333,23.809583333333332],[90.38041666666666,23.810274104683195],[90.38031843204251,23.81041666666667],[90.3796585338681,23.81125],[90.37958333333333,23.811317527010804],[90.37875,23.811633575689783],[90.37791666666666,23.811731174302263],[90.37708333333333,23.811639254385966],[90.37667670682731,23.812083333333334],[90.3765519593254,23.812916666666666],[90.37625,23.813320883134132],[90.37541666666667,23.813643039591316],[90.37518546747967,23.812916666666666],[90.37521008403361,23.812083333333334],[90.37458333333333,23.811572488584474],[90.37375,23.811259110088223],[90.37318452380953,23.81125],[90.37291666666667,23.81124474053296],[90.37289548022599,23.81125],[90.37208333333334,23.811390380859375],[90.37125,23.811857280927835],[90.37095217883417,23.812083333333334],[90.37041666666667,23.812380896226415],[90.36958333333332,23.812607767819035],[90.3688571217494,23.812083333333334],[90.36907430417494,23.81125],[90.36934055408193,23.81041666666667],[90.36958333333332,23.809733623548922],[90.36968237704917,23.809583333333332],[90.37035778985506,23.80875],[90.37041666666667,23.808682771867613],[90.37125,23.808002043199068],[90.37141196013289,23.807916666666667],[90.37208333333334,23.807589670981663],[90.37291666666667,23.807409330011076],[90.37375,23.80735042735043],[90.37458333333333,23.807494602763384],[90.37541666666667,23.807825203252033],[90.37574074074074,23.807916666666667],[90.37625,23.80802270779777],[90.37639679715302,23.807916666666667],[90.37708333333333,23.807102672292547],[90.37709206349206,23.807083333333335],[90.37708333333333,23.80699166666667],[90.37696447649573,23.806250000000002],[90.37677014042868,23.805416666666666],[90.37695241511238,23.804583333333333],[90.37708333333333,23.80435173434856],[90.37734912182361,23.80375],[90.3778580952381,23.80291666666667],[90.37791666666666,23.802859340044744],[90.37875,23.80245081967213],[90.37958333333333,23.802350831899027],[90.38029491341992,23.80291666666667]]],[[[90.41897415185784,23.784583333333334],[90.41930294486215,23.785416666666666],[90.41928412606342,23.786250000000003],[90.41952193534844,23.787083333333335],[90.41958333333334,23.787150574712644],[90.41999414447731,23.787916666666668],[90.42041666666667,23.788522446094028],[90.42059867119028,23.78875],[90.42110456966638,23.789583333333333],[90.42125,23.789902957486138],[90.42173417537747,23.79041666666667],[90.42208333333333,23.790868055555556],[90.42280167264039,23.79041666666667],[90.42291666666667,23.79033954326923],[90.42347051056338,23.789583333333333],[90.42375,23.78936005625879],[90.42458333333333,23.789147646219686],[90.42541666666666,23.78946947316593],[90.42559676791278,23.789583333333333],[90.42625,23.790124113475176],[90.42686734693878,23.79041666666667],[90.42708333333334,23.790505304299273],[90.42791666666668,23.790790208016237],[90.42875000000001,23.79103029010239],[90.4292691532258,23.79125],[90.42958333333334,23.79157196969697],[90.42988516260162,23.792083333333334],[90.43014109848485,23.792916666666667],[90.43020341981132,23.79375],[90.42994660564455,23.794583333333335],[90.42958333333334,23.795138403263405],[90.42941181752875,23.795416666666668],[90.42885680751174,23.79625],[90.42875000000001,23.796653368794328],[90.4285303442029,23.797083333333333],[90.42875000000001,23.797189973614778],[90.42958333333334,23.79723607209738],[90.43041666666667,23.79718782791186],[90.4310129740519,23.797083333333333],[90.43125,23.797022247942387],[90.43208333333334,23.79688427137871],[90.43291666666667,23.79691287878788],[90.43343339895013,23.797083333333333],[90.43375,23.797210574894514],[90.43455260791367,23.797916666666666],[90.43458333333334,23.79854938271605],[90.4345923311185,23.798750000000002],[90.43458333333334,23.798856209150326],[90.43455308591626,23.799583333333334],[90.43458333333334,23.799771573604062],[90.43472500929023,23.800416666666667],[90.4353262867647,23.80125],[90.43541666666667,23.80134311868687],[90.43625,23.80169107856192],[90.43708333333333,23.801923423423425],[90.43791666666667,23.80207097933513],[90.43796875000001,23.802083333333336],[90.43875,23.802322880371662],[90.43953172782875,23.80291666666667],[90.43957204861111,23.80375],[90.4395523281114,23.804583333333333],[90.43958333333333,23.805],[90.43960914855073,23.805416666666666],[90.4399644308943,23.806250000000002],[90.44041666666666,23.806870877727043],[90.44051766763145,23.807083333333335],[90.44075577295963,23.807916666666667],[90.44064339651719,23.80875],[90.44041666666666,23.809329004329005],[90.44014604271356,23.809583333333332],[90.43958333333333,23.80984743514151],[90.43875,23.810020349414334],[90.43795499800876,23.81041666666667],[90.43791666666667,23.81044757546564],[90.43746399456522,23.81125],[90.43726753670474,23.812083333333334],[90.4371866809626,23.812916666666666],[90.43717030114227,23.81375],[90.43739760890152,23.814583333333335],[90.43787219785575,23.815416666666668],[90.43791666666667,23.815490853658538],[90.43847147950089,23.81625],[90.4385211489899,23.817083333333333],[90.43829255110063,23.817916666666665],[90.43791666666667,23.818509138785625],[90.43779950271248,23.81875],[90.4371441054973,23.819583333333334],[90.43708333333333,23.81968648867314],[90.43673379808934,23.820416666666667],[90.43653876811595,23.82125],[90.43643558282209,23.822083333333335],[90.43625,23.822363425925925],[90.43574192176871,23.822916666666668],[90.43541666666667,23.82313725490196],[90.43458333333334,23.823661103047897],[90.43375,23.82371506605691],[90.43291666666667,23.82346534034034],[90.43208333333334,23.82327151688065],[90.43125,23.823405852417302],[90.43048065984073,23.82375],[90.43041666666667,23.823798828125],[90.42958333333334,23.824436127744512],[90.42936513806707,23.824583333333333],[90.42875000000001,23.825243386243386],[90.4286178369653,23.825416666666666],[90.42842190618762,23.82625],[90.42875000000001,23.826451070336393],[90.42958333333334,23.826709480122325],[90.43041666666667,23.8269918699187],[90.43077536231884,23.827083333333334],[90.43125,23.827190150032617],[90.43208333333334,23.827289438502675],[90.43291666666667,23.827370729455218],[90.43375,23.82781805259417],[90.43385416666666,23.827916666666667],[90.43458333333334,23.828640939597317],[90.43464639931005,23.82875],[90.43462172923778,23.829583333333332],[90.43458333333334,23.82970879801735],[90.43427719721329,23.830416666666668],[90.43380834512023,23.83125],[90.43375,23.831415],[90.43335870413739,23.832083333333333],[90.43291666666667,23.83286329201102],[90.43280991735537,23.832916666666666],[90.43208333333334,23.83306442577031],[90.43125,23.833084956709957],[90.43041666666667,23.833182755775578],[90.42958333333334,23.83340136054422],[90.42881242478941,23.83375],[90.42875000000001,23.833776976079044],[90.42791666666668,23.83431805670245],[90.42753008423587,23.834583333333335],[90.42708333333334,23.834847756410255],[90.42625,23.834997693194925],[90.42541666666666,23.834761690647483],[90.42514332965821,23.834583333333335],[90.42458333333333,23.834132653061225],[90.42412890762206,23.83375],[90.42375,23.833427792712065],[90.42291666666667,23.83292350316638],[90.42290186915888,23.832916666666666],[90.42208333333333,23.832612346536948],[90.42125,23.832448731626364],[90.42041666666667,23.832639781108732],[90.41996349299066,23.832916666666666],[90.41958333333334,23.833117169850073],[90.41875,23.833556724422444],[90.41829390576324,23.83375],[90.41791666666667,23.833898672498464],[90.41708333333334,23.834273241515003],[90.41648407794676,23.834583333333335],[90.41625,23.834786677676853],[90.41554359567901,23.835416666666667],[90.41541666666667,23.83593008739076],[90.41529997723133,23.83625],[90.41541666666667,23.836631324404763],[90.41551811957248,23.837083333333332],[90.41590711175617,23.83791666666667],[90.41618453865337,23.83875],[90.41541666666667,23.839410765379114],[90.41492632113821,23.839583333333334],[90.41458333333334,23.83965320910973],[90.41375000000001,23.84000256016385],[90.41317396723647,23.840416666666666],[90.41291666666666,23.840924753867792],[90.41276552287582,23.84125],[90.41279602165726,23.842083333333335],[90.41291666666666,23.84255787037037],[90.41298223350253,23.842916666666667],[90.41320959364498,23.84375],[90.41323460960962,23.844583333333333],[90.41291666666666,23.845196035879628],[90.41275332047987,23.845416666666665],[90.41208333333333,23.845727675019887],[90.41125,23.845987294718153],[90.41041666666666,23.84612671137189],[90.40958333333333,23.846085304054053],[90.40875,23.845830842052816],[90.40791666666667,23.845441226287264],[90.40788712306438,23.845416666666665],[90.40791666666667,23.84510683760684],[90.40796029202279,23.844583333333333],[90.4086576536643,23.84375],[90.40875,23.843667196608372],[90.40931604716226,23.842916666666667],[90.40958333333333,23.842581956956955],[90.4099888074888,23.842083333333335],[90.41041666666666,23.8415199624866],[90.41070078962211,23.84125],[90.41125,23.840446575907592],[90.41128462273161,23.840416666666666],[90.41149264289757,23.839583333333334],[90.41125,23.839013944223108],[90.41119137168141,23.83875],[90.4107796410709,23.83791666666667],[90.41041666666666,23.83713778409091],[90.41039811827957,23.837083333333332],[90.41025264303482,23.83625],[90.41026698014629,23.835416666666667],[90.41034497300944,23.834583333333335],[90.41041666666666,23.833910864978904],[90.41043852106621,23.83375],[90.41049467932126,23.832916666666666],[90.41052855924978,23.832083333333333],[90.41062962229266,23.83125],[90.41077128256963,23.830416666666668],[90.41079865269461,23.829583333333332],[90.41058389847925,23.82875],[90.41041666666666,23.828529829545456],[90.40958333333333,23.828105444022427],[90.40875,23.828286403121318],[90.40791666666667,23.828704361442103],[90.40784628975265,23.82875],[90.40713162339033,23.829583333333332],[90.40708333333333,23.829677819083024],[90.40663737222638,23.830416666666668],[90.40625,23.830945692883894],[90.40590598537337,23.83125],[90.40541666666667,23.8316974656811],[90.40497103658537,23.832083333333333],[90.40458333333333,23.832518835616437],[90.40423677406524,23.832916666666666],[90.40375,23.833573537305423],[90.40358295223577,23.83375],[90.40291666666667,23.834369098205855],[90.40272569444444,23.834583333333335],[90.40211415187376,23.835416666666667],[90.40208333333334,23.83545866935484],[90.40151228580666,23.83625],[90.40125,23.836570398894153],[90.4006306628517,23.837083333333332],[90.40041666666667,23.837206143951832],[90.39958333333334,23.837298170923997],[90.39881355932204,23.837083333333332],[90.39875,23.837037823624595],[90.39827822189922,23.83625],[90.39804851598173,23.835416666666667],[90.39791666666666,23.835140086206895],[90.39774382991376,23.834583333333335],[90.39716729797979,23.83375],[90.39708333333333,23.833685487000388],[90.39625,23.833219587430115],[90.39541666666666,23.832983487406217],[90.39514765372168,23.832916666666666],[90.39458333333333,23.832735967184803],[90.39375,23.832444657615113],[90.39310705532213,23.832083333333333],[90.39291666666666,23.83162563131313],[90.39277620396601,23.83125],[90.39277810190588,23.830416666666668],[90.39289750141965,23.829583333333332],[90.392879784689,23.82875],[90.39257448186528,23.827916666666667],[90.39213412106136,23.827083333333334],[90.39208333333333,23.826976439790577],[90.39184202898551,23.82625],[90.3915393754243,23.825416666666666],[90.39136602098466,23.824583333333333],[90.39155044510386,23.82375],[90.39208333333333,23.82315138888889],[90.39224747474748,23.822916666666668],[90.39291666666666,23.822096428571427],[90.39292266579406,23.822083333333335],[90.3931737716763,23.82125],[90.39311656005685,23.820416666666667],[90.39291666666666,23.820198135198137],[90.39208333333333,23.81976959904249],[90.39189806547618,23.819583333333334],[90.3914418173389,23.81875],[90.39135006784261,23.817916666666665],[90.39169767441861,23.817083333333333],[90.39208333333333,23.81632725430598],[90.3921589781746,23.81625],[90.39233333333333,23.815416666666668],[90.39208333333333,23.815300826149425],[90.39125,23.815175741308792],[90.39041666666667,23.8149138820132],[90.3896402616279,23.814583333333335],[90.38958333333333,23.814552395997893],[90.38875,23.813882820927724],[90.3885517310789,23.81375],[90.38791666666667,23.812987922705315],[90.38787155963303,23.812916666666666],[90.38762902246509,23.812083333333334],[90.3876137071651,23.81125],[90.38791666666667,23.81055436337625],[90.38798828125,23.81041666666667],[90.38875,23.809778816199376],[90.38900886963697,23.809583333333332],[90.38958333333333,23.80919196177628],[90.3902210056772,23.80875],[90.39041666666667,23.808522190745986],[90.39096334185848,23.807916666666667],[90.39106259097525,23.807083333333335],[90.39041666666667,23.80670695504665],[90.38961495535715,23.806250000000002],[90.38958333333333,23.80623629916183],[90.38875,23.805584395871282],[90.38859904371584,23.805416666666666],[90.38793823326432,23.804583333333333],[90.38791666666667,23.804555629432624],[90.38708333333334,23.803879769921437],[90.38684319833852,23.80375],[90.38625,23.803404416212945],[90.38541666666667,23.803224206349206],[90.38458333333332,23.8031875],[90.38374999999999,23.803078367248062],[90.38345800524934,23.80291666666667],[90.38291666666666,23.802144194756554],[90.38288267085076,23.802083333333336],[90.38270788530465,23.80125],[90.38265714798851,23.800416666666667],[90.38228384194053,23.799583333333334],[90.38208333333333,23.79931216931217],[90.38176077717061,23.798750000000002],[90.3814888337469,23.797916666666666],[90.38208333333333,23.797294372294374],[90.38291666666666,23.797373278236915],[90.38374999999999,23.797586341354723],[90.38436925647451,23.797916666666666],[90.38458333333332,23.798058319513544],[90.38525822545847,23.798750000000002],[90.38541666666667,23.79898258115598],[90.38581621906266,23.799583333333334],[90.38625,23.800278481012658],[90.3864737021858,23.800416666666667],[90.38708333333334,23.800793248945148],[90.38791666666667,23.80104622040073],[90.38811397707231,23.80125],[90.38875,23.80188770999116],[90.38895040760869,23.802083333333336],[90.38958333333333,23.802490530303032],[90.39041666666667,23.802516304347826],[90.39092474489796,23.802083333333336],[90.39125,23.801540009469697],[90.39134114583334,23.80125],[90.39130003363606,23.800416666666667],[90.39125,23.800219907407406],[90.3910009057971,23.799583333333334],[90.391,23.798750000000002],[90.39111574074074,23.797916666666666],[90.39112108262108,23.797083333333333],[90.39064833672776,23.79625],[90.39041666666667,23.79590425531915],[90.38984781323877,23.795416666666668],[90.38958333333333,23.795124183006536],[90.38905083655084,23.794583333333335],[90.38914003759399,23.79375],[90.38958333333333,23.793256624825663],[90.39009433962264,23.792916666666667],[90.39041666666667,23.792789179104478],[90.39125,23.79258557457213],[90.39208333333333,23.7924047319933],[90.3925715648855,23.792083333333334],[90.39291666666666,23.79186280487805],[90.39375,23.79160037878788],[90.39426829268292,23.792083333333334],[90.3944997771836,23.792916666666667],[90.39458333333333,23.79324561403509],[90.39482172470979,23.79375],[90.39541666666666,23.793907970057244],[90.39577256944445,23.79375],[90.39625,23.79351128472222],[90.39677096914384,23.792916666666667],[90.39708333333333,23.792365900383142],[90.39719620446893,23.792083333333334],[90.39728256346234,23.79125],[90.39708333333333,23.79045998349835],[90.39705744575937,23.79041666666667],[90.39625,23.789888781431337],[90.39541666666666,23.789613095238096],[90.39536561264822,23.789583333333333],[90.39487092391305,23.78875],[90.39501858974359,23.787916666666668],[90.39541666666666,23.78756075194865],[90.39625,23.787569843092232],[90.39694285168196,23.787916666666668],[90.39708333333333,23.78806146572104],[90.39791666666666,23.78867120524458],[90.39801939513478,23.78875],[90.39875,23.78946925566343],[90.39884266561513,23.789583333333333],[90.39958333333334,23.790126204238923],[90.3999777603349,23.79041666666667],[90.40041666666667,23.79058935556928],[90.40125,23.79095367965368],[90.40200853280142,23.79125],[90.40208333333334,23.79127556818182],[90.40291666666667,23.791413027813807],[90.40363219481341,23.79125],[90.40375,23.79121262291792],[90.40455861365953,23.79041666666667],[90.40458333333333,23.79028629032258],[90.40472784040672,23.789583333333333],[90.40473404255319,23.78875],[90.40468223905724,23.787916666666668],[90.40541666666667,23.787278874269006],[90.40625,23.78716216216216],[90.40679099462366,23.787083333333335],[90.40708333333333,23.787036316472115],[90.40791666666667,23.78673947704082],[90.40875,23.786515649920258],[90.40958333333333,23.786494772818656],[90.41041666666666,23.786722675879396],[90.41099313922356,23.787083333333335],[90.41125,23.787261987895718],[90.41208333333333,23.787790853425182],[90.41235729166667,23.787916666666668],[90.41291666666666,23.788128551136364],[90.41375000000001,23.78812910798122],[90.41440770348838,23.787916666666668],[90.41458333333334,23.787860149672593],[90.41541666666667,23.78736625],[90.41599170054201,23.787083333333335],[90.41625,23.786875000000002],[90.4168320610687,23.786250000000003],[90.41693825301205,23.785416666666666],[90.41699581185567,23.784583333333334],[90.41708333333334,23.78431594488189],[90.41791666666667,23.78411240957151],[90.41875,23.784404069767444],[90.41897415185784,23.784583333333334]],[[90.39291666666666,23.806083750695603],[90.3924534883721,23.806250000000002],[90.39218384502924,23.807083333333335],[90.39291666666666,23.807684352517985],[90.39325837742504,23.807916666666667],[90.39375,23.808147229114972],[90.3939198659354,23.807916666666667],[90.39405927230047,23.807083333333335],[90.39375,23.806270061728394],[90.393707010582,23.806250000000002],[90.39291666666666,23.806083750695603]],[[90.42708333333334,23.797816091954022],[90.42625,23.797860983102918],[90.42609100877193,23.797916666666666],[90.42541666666666,23.798139492753624],[90.4245923026745,23.798750000000002],[90.42458333333333,23.79876697530864],[90.42443090133702,23.799583333333334],[90.42458333333333,23.800123570261437],[90.42494791666667,23.800416666666667],[90.42541666666666,23.800535668214653],[90.4256742043551,23.800416666666667],[90.42625,23.799939898289413],[90.42656621566216,23.799583333333334],[90.42708333333334,23.798758986928107],[90.42709130434783,23.798750000000002],[90.42729515828678,23.797916666666666],[90.42708333333334,23.797816091954022]],[[90.42375,23.793545875420875],[90.423463356974,23.79375],[90.42375,23.79397834274953],[90.42385982789855,23.79375],[90.42375,23.793545875420875]]],[[[90.40681972789116,23.779583333333335],[90.40708333333333,23.77977904040404],[90.40740805041152,23.780416666666667],[90.40708333333333,23.780973324514992],[90.40687162618083,23.78125],[90.40625,23.781732077446364],[90.40541666666667,23.782063914780295],[90.40458333333333,23.782049309664696],[90.40375,23.781660763478946],[90.40328362377123,23.78125],[90.4035808080808,23.780416666666667],[90.40375,23.780287542399016],[90.40458333333333,23.779783061594205],[90.40510833333333,23.779583333333335],[90.40541666666667,23.77950444688109],[90.40625,23.779484965938455],[90.40681972789116,23.779583333333335]]]]}},{"type":"Feature","properties":{"dbm":-97,"color":"rgb(236, 120, 83)","label":"≥ -97 dBm","fill":"#ec7853","fill-opacity":0.35,"stroke":"#ec7853","stroke-width":1,"stroke-opacity":0.8},"geometry":{"type":"MultiPolygon","coordinates":[[[[90.41885714285715,23.79041666666667],[90.41940829528158,23.79125],[90.41958333333334,23.79149972855592],[90.4197785039942,23.792083333333334],[90.42005225372591,23.792916666666667],[90.42022249190939,23.79375],[90.42027219670877,23.794583333333335],[90.42016034985423,23.795416666666668],[90.41985435103246,23.79625],[90.41994005847954,23.797083333333333],[90.42041666666667,23.79728883005547],[90.42125,23.797635754583922],[90.42166579679889,23.797916666666666],[90.42208333333333,23.798147347174165],[90.42250133333333,23.798750000000002],[90.42291666666667,23.79947814399252],[90.42295520726276,23.799583333333334],[90.42325540500518,23.800416666666667],[90.42369627343393,23.80125],[90.42375,23.801323529411764],[90.42458333333333,23.80198607305936],[90.42498766135157,23.802083333333336],[90.42541666666666,23.802204525954526],[90.42625,23.80221590909091],[90.426895280236,23.802083333333336],[90.42708333333334,23.802033096926714],[90.42791666666668,23.801732954545454],[90.4286329588015,23.80125],[90.42875000000001,23.801163554633472],[90.42958140877599,23.800416666666667],[90.42958333333334,23.80041525423729],[90.43041666666667,23.799779833620196],[90.43079595791805,23.799583333333334],[90.43125,23.79943932209343],[90.43208333333334,23.799522215754756],[90.43215898174832,23.799583333333334],[90.43270096801348,23.800416666666667],[90.43291666666667,23.801207561728397],[90.43292436328016,23.80125],[90.43291666666667,23.80154569892473],[90.4328950777202,23.802083333333336],[90.43277942338072,23.80291666666667],[90.43288697104677,23.80375],[90.43291666666667,23.803818376068378],[90.43327524038462,23.804583333333333],[90.43375,23.805080188679245],[90.43457561728395,23.805416666666666],[90.43458333333334,23.80541973415133],[90.43541666666667,23.805472940613026],[90.43625,23.80570102685624],[90.43656910009183,23.806250000000002],[90.43657450980392,23.807083333333335],[90.43637488947834,23.807916666666667],[90.43625,23.808344696969698],[90.43611867943054,23.80875],[90.43595139930035,23.809583333333332],[90.43591731686173,23.81041666666667],[90.43573443944507,23.81125],[90.43541666666667,23.81205945558739],[90.43538732394366,23.812083333333334],[90.43458333333334,23.812760880316517],[90.43443460812087,23.812916666666666],[90.43400431425977,23.81375],[90.43391843971631,23.814583333333335],[90.4339059714795,23.815416666666668],[90.43397539288668,23.81625],[90.43400062656642,23.817083333333333],[90.4340353598015,23.817916666666665],[90.43401524644946,23.81875],[90.43382136859782,23.819583333333334],[90.43375,23.81968416370107],[90.43292994687916,23.820416666666667],[90.43291666666667,23.820421277086215],[90.43208333333334,23.820650465657742],[90.43125,23.820742131616594],[90.43041666666667,23.820796335447497],[90.42958333333334,23.820926460300804],[90.42875224618149,23.82125],[90.42875000000001,23.821250912741878],[90.42791666666668,23.821717091295117],[90.42726817042606,23.822083333333335],[90.42708333333334,23.822220478847047],[90.42634926470589,23.822916666666668],[90.42625,23.82303264604811],[90.4258025187567,23.82375],[90.42541666666666,23.824382688927944],[90.42532414910859,23.824583333333333],[90.42484946912546,23.825416666666666],[90.42468995765276,23.82625],[90.42501216216216,23.827083333333334],[90.42541666666666,23.827497234513274],[90.42590215535638,23.827916666666667],[90.42625,23.828258385744235],[90.42686355311355,23.82875],[90.42708333333334,23.82902888446215],[90.42791666666668,23.829444660445827],[90.42833925750395,23.829583333333332],[90.42875000000001,23.829973723723725],[90.4289300976801,23.830416666666668],[90.42875000000001,23.83080078125],[90.42842605633803,23.83125],[90.42791666666668,23.83159642401022],[90.42708333333334,23.83195770519263],[90.42625,23.83189422277639],[90.42541666666666,23.831509462759463],[90.42474842767295,23.83125],[90.42458333333333,23.831205128205127],[90.42375,23.83106004901961],[90.42291666666667,23.830948565993562],[90.42208333333333,23.83085986267166],[90.42125,23.830814381454626],[90.42041666666667,23.830967948717948],[90.41982024988214,23.83125],[90.41958333333334,23.831367626404493],[90.41875,23.832074105621807],[90.41873751920123,23.832083333333333],[90.41791666666667,23.83258937026515],[90.41722054380665,23.832916666666666],[90.41708333333334,23.832965240641713],[90.41625,23.833133445945947],[90.41541666666667,23.83321763327475],[90.41458333333334,23.833066799695935],[90.41419029850746,23.832916666666666],[90.41375000000001,23.83225818452381],[90.41368439419318,23.832083333333333],[90.41375000000001,23.83176229508197],[90.4138350340136,23.83125],[90.41386458333334,23.830416666666668],[90.41375000000001,23.830176071741032],[90.41337044817928,23.829583333333332],[90.41291666666666,23.829248345740282],[90.41241269343371,23.82875],[90.41208333333333,23.82839382632293],[90.41182245301681,23.827916666666667],[90.41125,23.827187303087587],[90.41104704797048,23.827083333333334],[90.41041666666666,23.82689713896458],[90.40958333333333,23.827002641482125],[90.4093754660701,23.827083333333334],[90.40875,23.827290125739644],[90.40791666666667,23.827592961487383],[90.40709595959596,23.827916666666667],[90.40708333333333,23.82792378106621],[90.40625,23.82830118110236],[90.40541666666667,23.828651041666667],[90.40509353741497,23.82875],[90.40458333333333,23.828986966824644],[90.40375,23.829202674897118],[90.40291666666667,23.8292109929078],[90.40233333333333,23.82875],[90.40208333333334,23.828086734693876],[90.40182291666666,23.827916666666667],[90.40208333333334,23.827510162601627],[90.40213391136801,23.827083333333334],[90.40208333333334,23.826843607305936],[90.40166666666667,23.827083333333334],[90.40125,23.827352564102565],[90.40112043580683,23.827916666666667],[90.40041666666667,23.828460837887068],[90.40008385744235,23.82875],[90.39958333333334,23.8290038543328],[90.39875,23.829245231902906],[90.39791666666666,23.82912001696353],[90.39710200746966,23.82875],[90.39708333333333,23.82873148148148],[90.3967303449659,23.827916666666667],[90.39679684232539,23.827083333333334],[90.397075,23.82625],[90.39708333333333,23.82623432601881],[90.39791666666666,23.825474511930587],[90.39801543209876,23.825416666666666],[90.39875,23.82467936802974],[90.39882757757758,23.824583333333333],[90.39877613776137,23.82375],[90.39875,23.8237141350211],[90.39810051546392,23.822916666666668],[90.39791666666666,23.822730514961727],[90.39708333333333,23.82224307774228],[90.396875,23.822083333333335],[90.3966177462888,23.82125],[90.39696240421456,23.820416666666667],[90.39708333333333,23.820279363784667],[90.39754359942467,23.819583333333334],[90.39791666666666,23.819106978879706],[90.39814124783362,23.81875],[90.39854185384846,23.817916666666665],[90.39854010611735,23.817083333333333],[90.3980744263285,23.81625],[90.39791666666666,23.81604934715822],[90.39721350832266,23.815416666666668],[90.39708333333333,23.815314076690214],[90.39625,23.814822676450035],[90.39594474153297,23.814583333333335],[90.39541666666666,23.814183940006743],[90.3949773967929,23.81375],[90.39458333333333,23.81327410383189],[90.39424787316318,23.812916666666666],[90.39396344232516,23.812083333333334],[90.3944844386271,23.81125],[90.39458333333333,23.811186614466816],[90.39522663551402,23.81041666666667],[90.39541666666666,23.8101198296837],[90.39561298076923,23.809583333333332],[90.39576330532213,23.80875],[90.39580377063811,23.807916666666667],[90.39580324838761,23.807083333333335],[90.39573156466405,23.806250000000002],[90.39549778200254,23.805416666666666],[90.39541666666666,23.80527074783402],[90.3948410652921,23.804583333333333],[90.39458333333333,23.804371668234555],[90.39375,23.803843464611873],[90.3936014739229,23.80375],[90.39303026361429,23.80291666666667],[90.39309492370892,23.802083333333336],[90.39339568661971,23.80125],[90.39370841819417,23.800416666666667],[90.39375,23.80028785488959],[90.39410848047083,23.799583333333334],[90.39429487179487,23.798750000000002],[90.39455882352941,23.797916666666666],[90.39458333333333,23.797867476851852],[90.39509082397004,23.797083333333333],[90.39541666666666,23.79685922205049],[90.39609861591696,23.79625],[90.39625,23.796147179788484],[90.39708333333333,23.795492424242425],[90.39715083798883,23.795416666666668],[90.39786827427821,23.794583333333335],[90.39791666666666,23.794517777777777],[90.39847356544165,23.79375],[90.39875,23.793341666666667],[90.39913838120104,23.792916666666667],[90.39958333333334,23.79253067195168],[90.40041666666667,23.792278200253484],[90.40125,23.79238913801694],[90.40208333333334,23.792524882903983],[90.40291666666667,23.79259312196812],[90.40375,23.792483832224686],[90.40458333333333,23.792179024081115],[90.4047818086225,23.792083333333334],[90.40541666666667,23.791637102734665],[90.40589107789854,23.79125],[90.40625,23.790781619385342],[90.40693156732893,23.79041666666667],[90.40708333333333,23.79031914893617],[90.40728347889375,23.79041666666667],[90.40754668049793,23.79125],[90.40739535768645,23.792083333333334],[90.40748076923077,23.792916666666667],[90.40785185185186,23.79375],[90.40791666666667,23.793824649603902],[90.40875,23.794416397415187],[90.40958333333333,23.79425],[90.41019705174489,23.79375],[90.41041666666666,23.793581952117865],[90.41105463576159,23.792916666666667],[90.41125,23.792699115044247],[90.4119698275862,23.792083333333334],[90.41208333333333,23.791979984301413],[90.41291666666666,23.791678125],[90.41375000000001,23.791558295964126],[90.41458333333334,23.791401262063847],[90.41498402163225,23.79125],[90.41541666666667,23.7909979954181],[90.41625,23.790592020592022],[90.4168475877193,23.79041666666667],[90.41708333333334,23.79031685236769],[90.41791666666667,23.790020833333333],[90.41875,23.79025462962963],[90.41885714285715,23.79041666666667]]]]}},{"type":"Feature","properties":{"dbm":-92,"color":"rgb(247, 147, 65)","label":"≥ -92 dBm","fill":"#f79341","fill-opacity":0.35,"stroke":"#f79341","stroke-width":1,"stroke-opacity":0.8},"geometry":{"type":"MultiPolygon","coordinates":[[[[90.42065610859729,23.827916666666667],[90.42041666666667,23.828231646825397],[90.41989520958084,23.82875],[90.41958333333334,23.828847717323328],[90.41875,23.828826992753623],[90.41864634146341,23.82875],[90.41875,23.828297872340425],[90.41885858585859,23.827916666666667],[90.41958333333334,23.827196285140563],[90.42041666666667,23.827601686507936],[90.42065610859729,23.827916666666667]]],[[[90.41450100806452,23.794583333333335],[90.41458333333334,23.79467248908297],[90.41498057498058,23.795416666666668],[90.41541666666667,23.796061781609197],[90.41554331013148,23.79625],[90.41625,23.796837998713],[90.41640747624949,23.797083333333333],[90.41704302443992,23.797916666666666],[90.41708333333334,23.797985747527633],[90.41747121346324,23.798750000000002],[90.41769119070668,23.799583333333334],[90.41760322580646,23.800416666666667],[90.41718305687203,23.80125],[90.41708333333334,23.801745098039216],[90.4170684754522,23.802083333333336],[90.41708333333334,23.802110558712123],[90.41791666666667,23.802186654643823],[90.41798792495854,23.802083333333336],[90.41820094888277,23.80125],[90.41850770478509,23.800416666666667],[90.41875,23.800259595162988],[90.41958333333334,23.79965770329956],[90.41987160120846,23.799583333333334],[90.42041666666667,23.79946617965368],[90.42107035024155,23.799583333333334],[90.42125,23.79961647727273],[90.42208333333333,23.800380932556205],[90.42210307421037,23.800416666666667],[90.42254598474652,23.80125],[90.42291666666667,23.801930041152264],[90.42301990946046,23.802083333333336],[90.42375,23.802834664384864],[90.42387265358362,23.80291666666667],[90.42458333333333,23.80357928931318],[90.42481531531531,23.80375],[90.4252696318019,23.804583333333333],[90.42541666666666,23.8051148409894],[90.42554950751685,23.805416666666666],[90.42619128466328,23.806250000000002],[90.42625,23.806298166202414],[90.42708333333334,23.806882903388974],[90.42732348484849,23.807083333333335],[90.42791666666668,23.80754348848143],[90.42836817406143,23.807916666666667],[90.42875000000001,23.80845195374801],[90.42892497659176,23.80875],[90.42906482465463,23.809583333333332],[90.429049331963,23.81041666666667],[90.42900696033563,23.81125],[90.42906051732552,23.812083333333334],[90.4291391184573,23.812916666666666],[90.42908450704226,23.81375],[90.42885211882918,23.814583333333335],[90.42875000000001,23.814967159277504],[90.42864264705882,23.815416666666668],[90.42851120071686,23.81625],[90.42844675925926,23.817083333333333],[90.42835210680018,23.817916666666665],[90.42798355424644,23.81875],[90.42791666666668,23.81882337102854],[90.42713263888889,23.819583333333334],[90.42708333333334,23.819613957902003],[90.42625,23.820026963262556],[90.42541666666666,23.820403852513227],[90.42539206349207,23.820416666666667],[90.42458333333333,23.82091209646052],[90.42415304606241,23.82125],[90.42375,23.821781862745098],[90.42352521929824,23.822083333333335],[90.42338897721251,23.822916666666668],[90.42325390821988,23.82375],[90.42291666666667,23.824534917840374],[90.42284615384615,23.824583333333333],[90.42208333333333,23.824926075268817],[90.42125,23.824701822916666],[90.42108072916668,23.824583333333333],[90.42041666666667,23.824034440344402],[90.42013431013432,23.82375],[90.41958333333334,23.82329001019368],[90.41903587443946,23.822916666666668],[90.41875,23.822767718068537],[90.41833870967741,23.822916666666668],[90.41791666666667,23.823280092592594],[90.41756127450981,23.82375],[90.41708333333334,23.824242424242424],[90.41625,23.824451822916668],[90.41541666666667,23.82434060228453],[90.41458333333334,23.824288873370577],[90.41375000000001,23.824392784552845],[90.41291666666666,23.824566266478342],[90.41286631944445,23.824583333333333],[90.41208333333333,23.824804411764706],[90.41125,23.825082174031643],[90.41050816696915,23.825416666666666],[90.41041666666666,23.825446802151824],[90.40958333333333,23.825810376492196],[90.40875,23.826230999785913],[90.40869745411486,23.82625],[90.40791666666667,23.82646654351396],[90.40708333333333,23.826585228436794],[90.40625,23.826495232497386],[90.4055205905206,23.82625],[90.40541666666667,23.826182141045155],[90.4047514329806,23.825416666666666],[90.40458333333333,23.82522527610442],[90.40399214054554,23.824583333333333],[90.40375,23.824385617214045],[90.40302299222797,23.82375],[90.40291666666667,23.823637402834933],[90.40208333333334,23.822941838046273],[90.40205128205129,23.822916666666668],[90.40125,23.822230014025244],[90.40106554967666,23.822083333333335],[90.40041666666667,23.821536651807826],[90.40017908456485,23.82125],[90.39982412790698,23.820416666666667],[90.39992061491935,23.819583333333334],[90.40024503635347,23.81875],[90.40041666666667,23.818054138321997],[90.40044854100947,23.817916666666665],[90.40041666666667,23.817674650698603],[90.40035078941517,23.817083333333333],[90.39996656719717,23.81625],[90.39958333333334,23.81562046114742],[90.39945615227737,23.815416666666668],[90.39903558394161,23.814583333333335],[90.39875,23.81400965298143],[90.39851451684397,23.81375],[90.39791666666666,23.813180907172995],[90.39745380635624,23.812916666666666],[90.39708333333333,23.812532567049807],[90.39683721662469,23.812083333333334],[90.39688985303314,23.81125],[90.39701343892489,23.81041666666667],[90.39703519061584,23.809583333333332],[90.39700995405819,23.80875],[90.39699877750611,23.807916666666667],[90.39707789097875,23.807083333333335],[90.39708333333333,23.80705348615091],[90.39730087923455,23.806250000000002],[90.39760954616588,23.805416666666666],[90.39791666666666,23.804679992492492],[90.39796203312191,23.804583333333333],[90.39820625472412,23.80375],[90.39836430507162,23.80291666666667],[90.39843512974052,23.802083333333336],[90.39851088390502,23.80125],[90.39869115259741,23.800416666666667],[90.39875,23.800261752136752],[90.39927916666667,23.799583333333334],[90.39958333333334,23.79933803763441],[90.40041666666667,23.799172518726593],[90.4009737654321,23.798750000000002],[90.40125,23.798569847020936],[90.4018018707483,23.797916666666666],[90.40208333333334,23.797675974403724],[90.40277074898785,23.797083333333333],[90.40291666666667,23.796973450203254],[90.40375,23.796851235741446],[90.40442824074074,23.797083333333333],[90.4045634469697,23.797916666666666],[90.40450867052023,23.798750000000002],[90.40458333333333,23.7990990990991],[90.40471975465313,23.799583333333334],[90.40541666666667,23.800039451827242],[90.40624242424242,23.800416666666667],[90.40625,23.80041866219668],[90.4062578320802,23.800416666666667],[90.40708333333333,23.79994137806638],[90.40732912332838,23.799583333333334],[90.40772029505582,23.798750000000002],[90.40791666666667,23.7986138750691],[90.40875,23.79821540062435],[90.40949567099567,23.797916666666666],[90.40958333333333,23.797884431709647],[90.41041666666666,23.797253373450037],[90.41057131011608,23.797083333333333],[90.4110681336963,23.79625],[90.41125,23.795923588490773],[90.41161617647059,23.795416666666668],[90.41208333333333,23.794901642888025],[90.41257123923128,23.794583333333335],[90.41291666666666,23.794377955082744],[90.41375000000001,23.794296794871794],[90.41450100806452,23.794583333333335]]]]}},{"type":"Feature","properties":{"dbm":-88,"color":"rgb(253, 178, 47)","label":"≥ -88 dBm","fill":"#fdb22f","fill-opacity":0.35,"stroke":"#fdb22f","stroke-width":1,"stroke-opacity":0.8},"geometry":{"type":"MultiPolygon","coordinates":[[[[90.41432939914164,23.798750000000002],[90.41458333333334,23.7988094042838],[90.41541666666667,23.79928209109731],[90.41563013497652,23.799583333333334],[90.41582672764228,23.800416666666667],[90.4158304384746,23.80125],[90.41587973817897,23.802083333333336],[90.41619416794283,23.80291666666667],[90.41625,23.80298522958784],[90.41708333333334,23.803630042462846],[90.41791666666667,23.803711893764437],[90.41875,23.803141550434606],[90.41895488029466,23.80291666666667],[90.41941760395365,23.802083333333336],[90.41958333333334,23.801782342927886],[90.42027160864346,23.80125],[90.42041666666667,23.80116356700048],[90.42070643485212,23.80125],[90.42125,23.801480352303525],[90.42163553173056,23.802083333333336],[90.42208333333333,23.802751130490957],[90.42218963907904,23.80291666666667],[90.42274987506246,23.80375],[90.42291666666667,23.80399832589286],[90.42327966297323,23.804583333333333],[90.42351636455186,23.805416666666666],[90.42373893193138,23.806250000000002],[90.42375,23.806277359781124],[90.42415271132377,23.807083333333335],[90.42458333333333,23.80769261766602],[90.42481546426185,23.807916666666667],[90.42541666666666,23.808730777928538],[90.42543404907975,23.80875],[90.42562422166874,23.809583333333332],[90.42541666666666,23.80991935483871],[90.4251841815897,23.81041666666667],[90.42461480956878,23.81125],[90.42458333333333,23.811305648302728],[90.42427806902577,23.812083333333334],[90.42418235930737,23.812916666666666],[90.42427083333334,23.81375],[90.42448782051282,23.814583333333335],[90.42458333333333,23.814870092378754],[90.42484426681368,23.815416666666668],[90.42512703889587,23.81625],[90.42518875642824,23.817083333333333],[90.42474711740041,23.817916666666665],[90.42458333333333,23.818070304818093],[90.4239056372549,23.81875],[90.42375,23.81886163853727],[90.42291666666667,23.819437665531595],[90.42260742971888,23.819583333333334],[90.42208333333333,23.819828265765768],[90.42125,23.819875749785776],[90.42041666666667,23.81963145231846],[90.42024612403101,23.819583333333334],[90.41958333333334,23.819422860360362],[90.41875,23.81946349206349],[90.41826415701416,23.819583333333334],[90.41791666666667,23.819662768461313],[90.41708333333334,23.81994067917022],[90.41625,23.82020338610378],[90.41541666666667,23.82038958526772],[90.41524509803922,23.820416666666667],[90.41458333333334,23.820529959718026],[90.41375000000001,23.820685393258426],[90.41291666666666,23.82087296486718],[90.41208333333333,23.82104197439685],[90.41125,23.82123717948718],[90.41121666666666,23.82125],[90.41046428571428,23.822083333333335],[90.41041666666666,23.822162698412697],[90.4096626984127,23.822916666666668],[90.40958333333333,23.822971611721613],[90.40951754385965,23.822916666666668],[90.40875,23.822261235955057],[90.40859006734007,23.822083333333335],[90.40791666666667,23.82168492695883],[90.40708333333333,23.821366033755275],[90.40678348909657,23.82125],[90.40625,23.821043922984355],[90.40541666666667,23.820436555290375],[90.40540061014772,23.820416666666667],[90.40458333333333,23.81981501182033],[90.40427860696518,23.819583333333334],[90.40375,23.819254258614016],[90.40316249436175,23.81875],[90.40291666666667,23.81843892694064],[90.4026267427123,23.817916666666665],[90.40228962600177,23.817083333333333],[90.40208333333334,23.816625494071147],[90.40190934065934,23.81625],[90.40138460015835,23.815416666666668],[90.40125,23.815179070580015],[90.40099306811332,23.814583333333335],[90.40081268958544,23.81375],[90.40083582238152,23.812916666666666],[90.40116122565865,23.812083333333334],[90.40125,23.81199863387978],[90.4019646583203,23.81125],[90.40208333333334,23.811063677313676],[90.40230574324325,23.81041666666667],[90.4022470477724,23.809583333333332],[90.40208333333334,23.80918697205978],[90.40176981351982,23.80875],[90.40125,23.80819856577646],[90.40060593220339,23.807916666666667],[90.40041666666667,23.807753887269193],[90.39984166666666,23.807083333333335],[90.40004248658319,23.806250000000002],[90.40040178571428,23.805416666666666],[90.40041666666667,23.805378787878787],[90.40078066666666,23.804583333333333],[90.40111131386861,23.80375],[90.40125,23.803566602316604],[90.40208333333334,23.80294486745629],[90.40214021615472,23.80291666666667],[90.40291666666667,23.802707759412307],[90.40375,23.80247623291741],[90.40458333333333,23.802350988700567],[90.40541666666667,23.802328066914498],[90.40625,23.80235819672131],[90.40708333333333,23.8022079248366],[90.40746339563863,23.802083333333336],[90.40791666666667,23.80191339640271],[90.40875,23.801401339515714],[90.4090235102421,23.80125],[90.40958333333333,23.8007866088632],[90.41010535617184,23.800416666666667],[90.41041666666666,23.800159478885895],[90.41112211221122,23.799583333333334],[90.41125,23.799485726280437],[90.41208333333333,23.798865995115996],[90.41239790286976,23.798750000000002],[90.41291666666666,23.798546536796536],[90.41375000000001,23.798599330357142],[90.41432939914164,23.798750000000002]],[[90.41291666666666,23.809112270326565],[90.41221164551325,23.809583333333332],[90.41252719042411,23.81041666666667],[90.41291666666666,23.81061147580841],[90.41329985652798,23.81041666666667],[90.41362595206094,23.809583333333332],[90.41291666666666,23.809112270326565]]]]}},{"type":"Feature","properties":{"dbm":-84,"color":"rgb(250, 213, 36)","label":"≥ -84 dBm","fill":"#fad524","fill-opacity":0.35,"stroke":"#fad524","stroke-width":1,"stroke-opacity":0.8},"geometry":{"type":"MultiPolygon","coordinates":[[[[90.41404356060606,23.80125],[90.41458333333334,23.80171629581152],[90.41472698941257,23.802083333333336],[90.415169058222,23.80291666666667],[90.41541666666667,23.803197957654113],[90.41585044905771,23.80375],[90.41625,23.80406322137581],[90.41708333333334,23.80445560087857],[90.41782890720391,23.804583333333333],[90.41791666666667,23.804600613054454],[90.41809027777778,23.804583333333333],[90.41875,23.804494598765434],[90.41958333333334,23.80417889160554],[90.42041666666667,23.80400661209068],[90.42115643511039,23.804583333333333],[90.42125,23.80465211797308],[90.4218289118705,23.805416666666666],[90.42208333333333,23.805781720430108],[90.42229807692308,23.806250000000002],[90.42263684880533,23.807083333333335],[90.42291666666667,23.807697849462365],[90.42302386219976,23.807916666666667],[90.42334908464099,23.80875],[90.42343222474175,23.809583333333332],[90.42319751545412,23.81041666666667],[90.42292172200936,23.81125],[90.42291666666667,23.81127168949772],[90.42273174157303,23.812083333333334],[90.42265486022872,23.812916666666666],[90.42260718599034,23.81375],[90.42251063506534,23.814583333333335],[90.42225659547739,23.815416666666668],[90.42208333333333,23.8157016184573],[90.4212886726547,23.81625],[90.42125,23.816269079271294],[90.42041666666667,23.816517685505577],[90.41958333333334,23.816736461486713],[90.41875,23.81705251360871],[90.41868398491084,23.817083333333333],[90.41791666666667,23.8174325062422],[90.41708333333334,23.817742127862594],[90.41625,23.817892914653786],[90.41541666666667,23.81789551404853],[90.41495659722223,23.817916666666665],[90.41458333333334,23.817935952637246],[90.41375000000001,23.81809354947653],[90.41291666666666,23.81830568356375],[90.41208333333333,23.818422312750144],[90.41125,23.81840027894003],[90.41041666666666,23.818250215889464],[90.40958333333333,23.81808446969697],[90.40875,23.818079162732136],[90.40791666666667,23.818225148949516],[90.40708333333333,23.81833450374532],[90.40625,23.81818544600939],[90.40569309338521,23.817916666666665],[90.40541666666667,23.81770460199005],[90.40489043404973,23.817083333333333],[90.40469238095238,23.81625],[90.4047704171048,23.815416666666668],[90.4048223913733,23.814583333333335],[90.40478813559322,23.81375],[90.40466773504274,23.812916666666666],[90.40458333333333,23.812185185185186],[90.40456890521162,23.812083333333334],[90.40441169724771,23.81125],[90.40426891401452,23.81041666666667],[90.40414082145851,23.809583333333332],[90.40414661100196,23.80875],[90.40435556867375,23.807916666666667],[90.40458333333333,23.8073701605288],[90.40469496508636,23.807083333333335],[90.40489215686274,23.806250000000002],[90.40508911642017,23.805416666666666],[90.40541666666667,23.804820565907523],[90.4056149077278,23.804583333333333],[90.40625,23.80424281076067],[90.40708333333333,23.80382038065028],[90.40723795005808,23.80375],[90.40791666666667,23.803509960977614],[90.40875,23.80314213018944],[90.40934858212948,23.80291666666667],[90.40958333333333,23.802819555112883],[90.41041666666666,23.802415213178296],[90.41106127143455,23.802083333333336],[90.41125,23.801968159775395],[90.41208333333333,23.801458174421562],[90.41258226691042,23.80125],[90.41291666666666,23.801087407407408],[90.41375000000001,23.80106441570881],[90.41404356060606,23.80125]],[[90.41291666666666,23.808600376290926],[90.41250861423221,23.80875],[90.41208333333333,23.80900491648707],[90.41172476898241,23.809583333333332],[90.41183786434978,23.81041666666667],[90.41208333333333,23.810710767853145],[90.41291666666666,23.811073045830295],[90.41375000000001,23.810701671132946],[90.41398735354286,23.81041666666667],[90.41411010715079,23.809583333333332],[90.41375000000001,23.808983753928636],[90.4133488021577,23.80875],[90.41291666666666,23.808600376290926]]]]}}],"properties":{"generator":"meshtastic-site-planner","name":"Protidhoni synthetic sender"}}